solid OpenSCAD_Model
  facet normal -0.984785 -2.31321e-05 0.173778
    outer loop
      vertex 206.703 0.607769 1.60554
      vertex 216.378 296.417 56.4723
      vertex 215.779 297.025 53.0779
    endloop
  endfacet
  facet normal -0.984785 -2.25809e-05 0.173775
    outer loop
      vertex 216.378 296.417 56.4723
      vertex 206.703 0.607769 1.60554
      vertex 207.302 0 5
    endloop
  endfacet
  facet normal 0.0301542 0.984807 0.171013
    outer loop
      vertex 207.302 0 5
      vertex -0.598535 0.607769 38.1585
      vertex 0 0 41.5529
    endloop
  endfacet
  facet normal 0.0301531 0.984808 0.171006
    outer loop
      vertex -0.598535 0.607769 38.1585
      vertex 207.302 0 5
      vertex 206.703 0.607769 1.60554
    endloop
  endfacet
  facet normal 0.984808 -2.55074e-07 -0.173647
    outer loop
      vertex -0.598535 0.607769 38.1585
      vertex 8.90868 296.587 92.0766
      vertex 9.07596 296.417 93.0253
    endloop
  endfacet
  facet normal 0.984808 -3.50976e-08 -0.173648
    outer loop
      vertex 8.90868 296.587 92.0766
      vertex -0.598535 0.607769 38.1585
      vertex 8.47742 297.025 89.6308
    endloop
  endfacet
  facet normal 0.984807 5.64158e-07 -0.173651
    outer loop
      vertex -0.598535 0.607769 38.1585
      vertex 9.07596 296.417 93.0253
      vertex 0 0 41.5529
    endloop
  endfacet
  facet normal 0.17101 -0.173648 0.969846
    outer loop
      vertex 47.8047 297.025 82.6963
      vertex 206.703 0.607769 1.60554
      vertex 215.779 297.025 53.0779
    endloop
  endfacet
  facet normal 0.171011 -0.173648 0.969846
    outer loop
      vertex -0.598535 0.607769 38.1585
      vertex 47.8047 297.025 82.6963
      vertex 8.47742 297.025 89.6308
    endloop
  endfacet
  facet normal 0.171011 -0.173648 0.969846
    outer loop
      vertex 47.8047 297.025 82.6963
      vertex -0.598535 0.607769 38.1585
      vertex 206.703 0.607769 1.60554
    endloop
  endfacet
  facet normal -0.171037 0.173648 -0.969842
    outer loop
      vertex 205.393 1.96962 5.68932
      vertex 216.378 296.417 56.4723
      vertex 207.302 0 5
    endloop
  endfacet
  facet normal -0.170979 0.173648 -0.969852
    outer loop
      vertex 216.378 296.417 56.4723
      vertex 205.393 1.96962 5.68932
      vertex 214.408 296.417 56.8196
    endloop
  endfacet
  facet normal -0.171009 0.173675 -0.969842
    outer loop
      vertex 207.302 0 5
      vertex 2.02992 1.96962 41.5477
      vertex 205.393 1.96962 5.68932
    endloop
  endfacet
  facet normal -0.171009 0.173684 -0.96984
    outer loop
      vertex 2.02992 1.96962 41.5477
      vertex 207.302 0 5
      vertex 0 0 41.5529
    endloop
  endfacet
  facet normal -0.17101 0.173648 -0.969846
    outer loop
      vertex 2.02992 1.96962 41.5477
      vertex 9.07596 296.417 93.0253
      vertex 11.0456 296.417 92.678
    endloop
  endfacet
  facet normal -0.170975 0.173649 -0.969852
    outer loop
      vertex 9.07596 296.417 93.0253
      vertex 2.02992 1.96962 41.5477
      vertex 0 0 41.5529
    endloop
  endfacet
  facet normal -0.984747 -6.7226e-05 0.173991
    outer loop
      vertex 214.634 293.81 58.0977
      vertex 214.696 296.125 58.4495
      vertex 214.408 296.417 56.8196
    endloop
  endfacet
  facet normal -0.98475 -6.44073e-05 0.173973
    outer loop
      vertex 214.696 296.125 58.4495
      vertex 214.634 293.81 58.0977
      vertex 214.701 296.12 58.4778
    endloop
  endfacet
  facet normal -0.98935 0.0047575 0.145479
    outer loop
      vertex 214.701 296.12 58.4778
      vertex 214.634 293.81 58.0977
      vertex 214.704 296.117 58.4983
    endloop
  endfacet
  facet normal -0.984746 -6.44835e-05 0.173996
    outer loop
      vertex 205.393 1.96962 5.68932
      vertex 214.634 293.81 58.0977
      vertex 214.408 296.417 56.8196
    endloop
  endfacet
  facet normal -0.984807 -1.2867e-06 0.173655
    outer loop
      vertex 214.634 293.81 58.0977
      vertex 205.393 1.96962 5.68932
      vertex 205.689 1.66906 7.36795
    endloop
  endfacet
  facet normal 0.0301547 0.984807 0.171016
    outer loop
      vertex 205.689 1.66906 7.36795
      vertex 2.02992 1.96962 41.5477
      vertex 2.32591 1.66906 43.2263
    endloop
  endfacet
  facet normal 0.0301542 0.984807 0.171013
    outer loop
      vertex 2.02992 1.96962 41.5477
      vertex 205.689 1.66906 7.36795
      vertex 205.393 1.96962 5.68932
    endloop
  endfacet
  facet normal 0.984806 1.62035e-06 -0.173658
    outer loop
      vertex 2.34695 2.35633 43.3456
      vertex 11.0456 296.417 92.678
      vertex 11.3416 296.117 94.3566
    endloop
  endfacet
  facet normal 0.984807 1.05886e-06 -0.173655
    outer loop
      vertex 2.34695 2.35633 43.3456
      vertex 2.02992 1.96962 41.5477
      vertex 11.0456 296.417 92.678
    endloop
  endfacet
  facet normal 0.984807 -5.08089e-06 -0.173653
    outer loop
      vertex 2.02992 1.96962 41.5477
      vertex 2.34695 2.35633 43.3456
      vertex 2.32591 1.66906 43.2263
    endloop
  endfacet
  facet normal 0 1 -0
    outer loop
      vertex 215.48 297.329 0
      vertex 8.17816 297.329 87.9336
      vertex 215.48 297.329 51.3806
    endloop
  endfacet
  facet normal 0.0270963 0.987751 0.15367
    outer loop
      vertex 215.48 297.329 51.3806
      vertex 8.17816 297.329 87.9336
      vertex 215.844 297.326 51.3357
    endloop
  endfacet
  facet normal -0.958244 -0.285542 0.0152766
    outer loop
      vertex -3.49133 -1.10791 40.1658
      vertex -3.69302 -0.422599 40.324
      vertex -3.5362 -0.992476 39.5089
    endloop
  endfacet
  facet normal -0.959025 -0.28332 -3.3596e-07
    outer loop
      vertex -3.5362 -0.992476 39.5089
      vertex -3.736 -0.316115 0
      vertex -3.53619 -0.992463 0
    endloop
  endfacet
  facet normal 0.990602 -0.136775 -0.000170371
    outer loop
      vertex 210.498 0.167664 0
      vertex 210.4 -0.5462 3.28544
      vertex 210.475 0.00108496 0
    endloop
  endfacet
  facet normal -0.0533147 -0.998578 -2.56103e-07
    outer loop
      vertex -0.282734 -3.20359 0
      vertex -0.456363 -3.19433 39.6158
      vertex -0.45636 -3.19432 0
    endloop
  endfacet
  facet normal -0.428475 -0.436535 0.791104
    outer loop
      vertex -1.50024 -0.93744 42.9023
      vertex -2.14241 -0.864389 42.5948
      vertex -1.44338 -1.58875 42.5737
    endloop
  endfacet
  facet normal 0.84661 -0.532214 -1.68462e-06
    outer loop
      vertex 209.769 -1.83419 3.03926
      vertex 210.153 -1.22334 0
      vertex 210.153 -1.22335 3.15925
    endloop
  endfacet
  facet normal 0.846785 -0.531935 7.65856e-05
    outer loop
      vertex 210.153 -1.22334 0
      vertex 209.769 -1.83419 3.03926
      vertex 210.058 -1.37457 0
    endloop
  endfacet
  facet normal 0.0276253 0.984341 0.174098
    outer loop
      vertex 217.94 297.173 51.8458
      vertex 217.284 297.247 51.5315
      vertex 218.984 296.968 52.8392
    endloop
  endfacet
  facet normal 0.318051 -0.946332 0.0574412
    outer loop
      vertex 208.481 -2.86962 3.53447
      vertex 207.752 -3.12366 3.38567
      vertex 207.873 -3.09448 3.19643
    endloop
  endfacet
  facet normal 0.0288131 0.985055 0.169814
    outer loop
      vertex 7.14232 297.299 88.2875
      vertex 6.53493 297.247 88.6922
      vertex 7.82114 297.326 88.0157
    endloop
  endfacet
  facet normal -0.0375341 -0.169851 0.984755
    outer loop
      vertex 9.01166 296.117 94.7674
      vertex -0.795456 -0.283985 43.2701
      vertex -0.0646038 -0.310403 43.2934
    endloop
  endfacet
  facet normal -0.999532 0.0306045 -2.3102e-09
    outer loop
      vertex -3.79552 0.420395 0
      vertex -3.79552 0.420398 39.7427
      vertex 5.05796 289.572 0
    endloop
  endfacet
  facet normal 0 1 0
    outer loop
      vertex 215.48 297.329 0
      vertex 8.17815 297.329 0
      vertex 8.17816 297.329 87.9336
    endloop
  endfacet
  facet normal -0.961536 -0.018152 0.274078
    outer loop
      vertex 5.32986 296.721 91.9358
      vertex -3.7464 0.294036 40.4618
      vertex 5.52963 296.595 92.6283
    endloop
  endfacet
  facet normal -0.00840283 0.999965 9.55588e-10
    outer loop
      vertex 8.17815 297.329 0
      vertex 7.82114 297.326 0
      vertex 8.17816 297.329 87.9336
    endloop
  endfacet
  facet normal -0.227663 -0.97374 3.32043e-06
    outer loop
      vertex -1.15292 -3.09448 0
      vertex -1.29776 -3.06048 39.883
      vertex -1.15647 -3.09365 0
    endloop
  endfacet
  facet normal -0.228545 -0.973533 -5.70601e-08
    outer loop
      vertex -1.29776 -3.06048 39.883
      vertex -1.15292 -3.09448 0
      vertex -1.15293 -3.09448 40.0533
    endloop
  endfacet
  facet normal 0.999531 -0.030607 8.96956e-08
    outer loop
      vertex 219.575 296.595 54.8864
      vertex 210.498 0.167674 3.41232
      vertex 210.498 0.167664 0
    endloop
  endfacet
  facet normal -0.121606 -0.992414 0.0180641
    outer loop
      vertex -0.530492 -3.18893 39.5978
      vertex -0.975201 -3.12366 40.1899
      vertex -0.599116 -3.18112 39.5649
    endloop
  endfacet
  facet normal 0.00824148 0.999966 -0
    outer loop
      vertex 215.844 297.326 0
      vertex 215.48 297.329 51.3806
      vertex 215.844 297.326 51.3357
    endloop
  endfacet
  facet normal -0.591779 -0.721629 0.359234
    outer loop
      vertex -2.00849 -2.50649 41.0733
      vertex -2.33296 -2.02097 41.5141
      vertex -2.32208 -2.43287 40.7046
    endloop
  endfacet
  facet normal -0.402801 -0.915288 0
    outer loop
      vertex -2.0145 -2.75418 0
      vertex -1.40334 -3.02314 39.6866
      vertex -2.0145 -2.75418 39.9858
    endloop
  endfacet
  facet normal -0.402575 -0.915387 -4.14532e-06
    outer loop
      vertex -1.40334 -3.02314 39.6866
      vertex -2.0145 -2.75418 0
      vertex -1.99947 -2.76079 0
    endloop
  endfacet
  facet normal 0.0397242 0.98444 0.171172
    outer loop
      vertex 5.38441 296.968 90.5026
      vertex 5.28074 296.848 91.2168
      vertex 5.32986 296.721 91.9358
    endloop
  endfacet
  facet normal 0.759519 -0.650485 -2.14027e-06
    outer loop
      vertex 209.769 -1.83419 3.03926
      vertex 209.706 -1.90774 0
      vertex 209.769 -1.83418 0
    endloop
  endfacet
  facet normal -0.999532 0.0306044 1.09578e-07
    outer loop
      vertex 5.28073 296.848 0
      vertex -3.79552 0.420398 39.7427
      vertex 5.28074 296.848 91.2168
    endloop
  endfacet
  facet normal -0.997287 0.0181481 0.0713374
    outer loop
      vertex 5.28074 296.848 91.2168
      vertex -3.79552 0.420398 39.7427
      vertex 5.32986 296.721 91.9358
    endloop
  endfacet
  facet normal 0.939664 -0.342098 -9.3713e-07
    outer loop
      vertex 210.4 -0.5462 3.28544
      vertex 210.211 -1.06533 0
      vertex 210.4 -0.546191 0
    endloop
  endfacet
  facet normal 0 -1 -0
    outer loop
      vertex 207.024 -3.20383 3.42135
      vertex 46.6082 -3.20383 0
      vertex 207.024 -3.20383 0
    endloop
  endfacet
  facet normal -0.168503 -0.888785 0.426226
    outer loop
      vertex -0.709812 -2.65423 41.695
      vertex -0.993501 -2.95417 40.9574
      vertex -0.63891 -2.98001 41.0437
    endloop
  endfacet
  facet normal 0.213575 -0.786303 0.579752
    outer loop
      vertex 207.713 -2.22096 5.62899
      vertex 207.377 -2.464 5.42314
      vertex 207.563 -2.6719 5.07265
    endloop
  endfacet
  facet normal 0.0298918 0.984857 0.170772
    outer loop
      vertex 6.53493 297.247 88.6922
      vertex 5.38441 296.968 90.5026
      vertex 5.52963 296.595 92.6283
    endloop
  endfacet
  facet normal 0.170997 -0.173648 0.969849
    outer loop
      vertex 9.01166 296.117 94.7674
      vertex 2.34695 2.35633 43.3456
      vertex 11.3416 296.117 94.3566
    endloop
  endfacet
  facet normal 0.171035 -0.173648 0.969842
    outer loop
      vertex 2.34695 2.35633 43.3456
      vertex 9.01166 296.117 94.7674
      vertex 0.66701 0.0498877 43.2289
    endloop
  endfacet
  facet normal 0.170961 -0.1736 0.969864
    outer loop
      vertex 214.704 296.117 58.4983
      vertex 214.634 293.81 58.0977
      vertex 216.314 296.117 58.2145
    endloop
  endfacet
  facet normal 0.0309761 0.985023 0.169618
    outer loop
      vertex 216.575 297.299 51.359
      vertex 215.844 297.326 51.3357
      vertex 217.284 297.247 51.5315
    endloop
  endfacet
  facet normal 0.83861 -0.218404 0.499032
    outer loop
      vertex 210.143 -0.063201 4.80458
      vertex 209.754 -0.157623 5.41696
      vertex 210.052 -0.77203 4.64728
    endloop
  endfacet
  facet normal 0.030494 0.98446 0.17294
    outer loop
      vertex 7.82114 297.326 88.0157
      vertex 6.53493 297.247 88.6922
      vertex 215.844 297.326 51.3357
    endloop
  endfacet
  facet normal 0.027283 0.98758 0.15473
    outer loop
      vertex 8.17816 297.329 87.9336
      vertex 7.82114 297.326 88.0157
      vertex 215.844 297.326 51.3357
    endloop
  endfacet
  facet normal 0.0304937 0.98446 0.172939
    outer loop
      vertex 215.844 297.326 51.3357
      vertex 6.53493 297.247 88.6922
      vertex 217.284 297.247 51.5315
    endloop
  endfacet
  facet normal 0.0297307 0.984792 0.171174
    outer loop
      vertex 216.314 296.117 58.2145
      vertex 214.408 296.417 56.8196
      vertex 214.696 296.125 58.4495
    endloop
  endfacet
  facet normal 0.0300926 0.984864 0.170695
    outer loop
      vertex 216.314 296.117 58.2145
      vertex 216.378 296.417 56.4723
      vertex 214.408 296.417 56.8196
    endloop
  endfacet
  facet normal 0.0304591 0.984797 0.17102
    outer loop
      vertex 216.378 296.417 56.4723
      vertex 217.284 297.247 51.5315
      vertex 215.779 297.025 53.0779
    endloop
  endfacet
  facet normal 0.0282583 0.984928 0.170639
    outer loop
      vertex 217.284 297.247 51.5315
      vertex 216.378 296.417 56.4723
      vertex 216.314 296.117 58.2145
    endloop
  endfacet
  facet normal 0.0300948 0.984868 0.170676
    outer loop
      vertex 217.284 297.247 51.5315
      vertex 47.8047 297.025 82.6963
      vertex 215.779 297.025 53.0779
    endloop
  endfacet
  facet normal 0.0300939 0.984868 0.170671
    outer loop
      vertex 47.8047 297.025 82.6963
      vertex 217.284 297.247 51.5315
      vertex 6.53493 297.247 88.6922
    endloop
  endfacet
  facet normal -0.0397435 0.99921 0
    outer loop
      vertex 7.82114 297.326 0
      vertex 7.14232 297.299 0
      vertex 7.14232 297.299 88.2875
    endloop
  endfacet
  facet normal 0.133289 -0.961834 0.238975
    outer loop
      vertex 207.389 -2.99322 4.43888
      vertex 207.149 -3.102 4.13492
      vertex 207.728 -2.98001 4.30297
    endloop
  endfacet
  facet normal -0.246029 -0.260141 0.9337
    outer loop
      vertex -0.806561 -0.987989 43.071
      vertex -1.50464 -0.232306 43.0976
      vertex -1.50024 -0.93744 42.9023
    endloop
  endfacet
  facet normal -0.754525 -0.656272 -3.52753e-07
    outer loop
      vertex -2.69573 -2.25438 0
      vertex -3.15014 -1.73196 39.9939
      vertex -3.15013 -1.73195 0
    endloop
  endfacet
  facet normal -0.781427 -0.536913 0.317956
    outer loop
      vertex -2.9967 -1.33374 41.3791
      vertex -3.30883 -1.22335 40.7984
      vertex -2.98853 -1.83419 40.5541
    endloop
  endfacet
  facet normal 0.0302551 0.984802 0.171026
    outer loop
      vertex 8.47742 297.025 89.6308
      vertex 5.52963 296.595 92.6283
      vertex 8.90868 296.587 92.0766
    endloop
  endfacet
  facet normal 0.0300229 0.984847 0.170804
    outer loop
      vertex 8.47742 297.025 89.6308
      vertex 6.53493 297.247 88.6922
      vertex 5.52963 296.595 92.6283
    endloop
  endfacet
  facet normal 0.0300929 0.98487 0.170665
    outer loop
      vertex 6.53493 297.247 88.6922
      vertex 8.47742 297.025 89.6308
      vertex 47.8047 297.025 82.6963
    endloop
  endfacet
  facet normal 0.029398 0.9852 0.16887
    outer loop
      vertex 216.314 296.117 58.2145
      vertex 214.696 296.125 58.4495
      vertex 214.701 296.12 58.4778
    endloop
  endfacet
  facet normal -0.999532 0.0306028 -1.25063e-05
    outer loop
      vertex 5.05796 289.572 0
      vertex -3.79552 0.420398 39.7427
      vertex 5.28073 296.848 0
    endloop
  endfacet
  facet normal 0.171199 -0.173648 0.969813
    outer loop
      vertex 216.314 296.117 58.2145
      vertex 207.958 -0.310403 6.6134
      vertex 217.034 296.117 58.0874
    endloop
  endfacet
  facet normal 0.99074 -0.135773 -3.71932e-07
    outer loop
      vertex 210.4 -0.5462 3.28544
      vertex 210.4 -0.546191 0
      vertex 210.475 0.00108496 0
    endloop
  endfacet
  facet normal 0.939446 -0.342696 0.000106056
    outer loop
      vertex 210.153 -1.22335 3.15925
      vertex 210.211 -1.06533 0
      vertex 210.4 -0.5462 3.28544
    endloop
  endfacet
  facet normal 0.938755 -0.344585 -1.09072e-06
    outer loop
      vertex 210.211 -1.06533 0
      vertex 210.153 -1.22335 3.15925
      vertex 210.153 -1.22334 0
    endloop
  endfacet
  facet normal -0.0373024 -0.16986 0.984762
    outer loop
      vertex 8.2808 296.143 94.7442
      vertex -0.795456 -0.283985 43.2701
      vertex 9.01166 296.117 94.7674
    endloop
  endfacet
  facet normal 0.0999766 -0.99499 0
    outer loop
      vertex 207.149 -3.19127 0
      vertex 207.024 -3.20383 3.42135
      vertex 207.024 -3.20383 0
    endloop
  endfacet
  facet normal 0.0994904 -0.995039 -1.79431e-05
    outer loop
      vertex 207.024 -3.20383 3.42135
      vertex 207.149 -3.19127 0
      vertex 207.595 -3.14674 3.54633
    endloop
  endfacet
  facet normal 0.19537 -0.895321 0.400288
    outer loop
      vertex 207.563 -2.6719 5.07265
      vertex 207.389 -2.99322 4.43888
      vertex 207.728 -2.98001 4.30297
    endloop
  endfacet
  facet normal -0.151023 -0.98853 -2.88021e-07
    outer loop
      vertex -0.599116 -3.18112 39.5649
      vertex -0.965918 -3.12507 0
      vertex -0.599106 -3.18111 0
    endloop
  endfacet
  facet normal -0.958986 -0.283455 -2.85059e-06
    outer loop
      vertex -3.5362 -0.992476 39.5089
      vertex -3.74106 -0.298996 0
      vertex -3.736 -0.316115 0
    endloop
  endfacet
  facet normal -0.959029 -0.283306 -1.43009e-08
    outer loop
      vertex -3.74106 -0.298996 0
      vertex -3.5362 -0.992476 39.5089
      vertex -3.74106 -0.298998 39.6207
    endloop
  endfacet
  facet normal -0.0397435 0.99921 0
    outer loop
      vertex 7.82114 297.326 0
      vertex 7.14232 297.299 88.2875
      vertex 7.82114 297.326 88.0157
    endloop
  endfacet
  facet normal -0.00840259 0.999965 0
    outer loop
      vertex 8.17816 297.329 87.9336
      vertex 7.82114 297.326 0
      vertex 7.82114 297.326 88.0157
    endloop
  endfacet
  facet normal -0.0836714 0.996493 0
    outer loop
      vertex 7.14232 297.299 0
      vertex 6.53493 297.248 0
      vertex 7.14232 297.299 88.2875
    endloop
  endfacet
  facet normal -0.0852927 0.996356 1.12339e-05
    outer loop
      vertex 7.14232 297.299 88.2875
      vertex 6.53493 297.248 0
      vertex 6.53493 297.247 88.6922
    endloop
  endfacet
  facet normal 0.999531 -0.030607 0
    outer loop
      vertex 219.575 296.595 54.8864
      vertex 210.498 0.167664 0
      vertex 219.575 296.595 0
    endloop
  endfacet
  facet normal 0.0299483 0.984851 0.170794
    outer loop
      vertex 218.984 296.968 52.8392
      vertex 216.314 296.117 58.2145
      vertex 219.575 296.595 54.8864
    endloop
  endfacet
  facet normal -0.400149 0.91645 4.42141e-08
    outer loop
      vertex 5.63634 297.078 89.8245
      vertex 5.3844 296.968 0
      vertex 5.38441 296.968 90.5026
    endloop
  endfacet
  facet normal 0.0311747 0.984874 0.170444
    outer loop
      vertex 219.526 296.721 54.1673
      vertex 218.984 296.968 52.8392
      vertex 219.575 296.595 54.8864
    endloop
  endfacet
  facet normal -0.143746 0.989615 1.11579e-05
    outer loop
      vertex 6.53493 297.248 0
      vertex 6.02552 297.173 89.2121
      vertex 6.53493 297.247 88.6922
    endloop
  endfacet
  facet normal -0.756718 0.653742 8.36128e-08
    outer loop
      vertex 5.3844 296.968 0
      vertex 5.28074 296.848 91.2168
      vertex 5.38441 296.968 90.5026
    endloop
  endfacet
  facet normal -0.202127 -0.775164 0.598552
    outer loop
      vertex -0.762784 -2.19959 42.2659
      vertex -1.33652 -2.15778 42.1263
      vertex -0.709812 -2.65423 41.695
    endloop
  endfacet
  facet normal 0.0656152 -0.925862 0.372122
    outer loop
      vertex 207.269 -2.85174 4.81205
      vertex -0.273484 -2.99322 41.0554
      vertex 207.389 -2.99322 4.43888
    endloop
  endfacet
  facet normal -0.754506 -0.656293 -5.19163e-07
    outer loop
      vertex -2.68438 -2.26746 39.8159
      vertex -2.69573 -2.25438 0
      vertex -2.68437 -2.26744 0
    endloop
  endfacet
  facet normal -0.75453 -0.656265 -5.03019e-07
    outer loop
      vertex -2.69573 -2.25438 0
      vertex -2.68438 -2.26746 39.8159
      vertex -3.15014 -1.73196 39.9939
    endloop
  endfacet
  facet normal -0.59155 -0.805923 0.0235954
    outer loop
      vertex -2.55071 -2.35201 40.2792
      vertex -2.68438 -2.26746 39.8159
      vertex -2.0145 -2.75418 39.9858
    endloop
  endfacet
  facet normal 0.0309054 0.984922 0.170215
    outer loop
      vertex 8.2808 296.143 94.7442
      vertex 5.52963 296.595 92.6283
      vertex 6.91511 296.27 94.2573
    endloop
  endfacet
  facet normal 0.0289783 0.984873 0.170838
    outer loop
      vertex 5.38441 296.968 90.5026
      vertex 5.32986 296.721 91.9358
      vertex 5.52963 296.595 92.6283
    endloop
  endfacet
  facet normal -0.756718 0.653741 8.29582e-08
    outer loop
      vertex 5.3844 296.968 0
      vertex 5.28073 296.848 0
      vertex 5.28074 296.848 91.2168
    endloop
  endfacet
  facet normal -0.534642 -0.845079 -2.00139e-07
    outer loop
      vertex -2.0145 -2.75418 0
      vertex -2.11438 -2.691 39.6395
      vertex -2.01695 -2.75263 0
    endloop
  endfacet
  facet normal -0.534585 -0.845115 0
    outer loop
      vertex -2.11438 -2.691 39.6395
      vertex -2.0145 -2.75418 0
      vertex -2.0145 -2.75418 39.9858
    endloop
  endfacet
  facet normal -0.228648 -0.973509 -3.5875e-07
    outer loop
      vertex -1.15647 -3.09365 0
      vertex -1.29776 -3.06048 39.883
      vertex -1.29774 -3.06047 0
    endloop
  endfacet
  facet normal 0.932568 0.360994 0
    outer loop
      vertex 219.574 296.597 0
      vertex 219.526 296.721 0
      vertex 219.526 296.721 54.1673
    endloop
  endfacet
  facet normal -0.534646 -0.845076 -2.1319e-07
    outer loop
      vertex -2.01695 -2.75263 0
      vertex -2.11438 -2.691 39.6395
      vertex -2.11438 -2.69099 0
    endloop
  endfacet
  facet normal 0.67269 -0.436778 0.597255
    outer loop
      vertex 209.672 -0.864389 5.24628
      vertex 209.007 -1.58875 5.46554
      vertex 209.473 -1.52052 4.99058
    endloop
  endfacet
  facet normal 0.304202 -0.888879 0.342572
    outer loop
      vertex 208.018 -2.65423 4.89076
      vertex 207.728 -2.98001 4.30297
      vertex 208.424 -2.61965 4.61996
    endloop
  endfacet
  facet normal -0.0464792 -0.895389 0.442852
    outer loop
      vertex -0.220776 -2.6719 41.7106
      vertex -0.709812 -2.65423 41.695
      vertex -0.273484 -2.99322 41.0554
    endloop
  endfacet
  facet normal 0.0993712 -0.99505 -2.80586e-06
    outer loop
      vertex 207.595 -3.14674 3.54633
      vertex 207.149 -3.19127 0
      vertex 207.595 -3.14673 0
    endloop
  endfacet
  facet normal -0.877419 -0.479725 -3.39338e-07
    outer loop
      vertex -3.15014 -1.73196 39.9939
      vertex -3.483 -1.12313 0
      vertex -3.15013 -1.73195 0
    endloop
  endfacet
  facet normal -0.174282 0.984696 -0.000167343
    outer loop
      vertex 6.52928 297.247 0
      vertex 6.02552 297.173 89.2121
      vertex 6.53493 297.248 0
    endloop
  endfacet
  facet normal 0.544946 -0.838471 -6.08573e-05
    outer loop
      vertex 209.194 -2.43286 0
      vertex 208.607 -2.8146 3.19543
      vertex 209.054 -2.52385 0
    endloop
  endfacet
  facet normal 0.54517 -0.838326 -2.45946e-06
    outer loop
      vertex 208.607 -2.8146 3.19543
      vertex 209.194 -2.43286 0
      vertex 209.194 -2.43287 3.40858
    endloop
  endfacet
  facet normal 0.265943 -0.956171 0.122524
    outer loop
      vertex 208.032 -2.95417 4.10061
      vertex 207.595 -3.14674 3.54633
      vertex 207.752 -3.12366 3.38567
    endloop
  endfacet
  facet normal 0.883333 -0.385714 0.266359
    outer loop
      vertex 210.052 -0.77203 4.64728
      vertex 209.828 -1.43427 4.43115
      vertex 210.299 -0.664398 3.98401
    endloop
  endfacet
  facet normal 0.846363 -0.116173 0.519783
    outer loop
      vertex 209.754 -0.157623 5.41696
      vertex 219.219 296.364 56.2786
      vertex 218.83 296.27 56.891
    endloop
  endfacet
  facet normal 0.846391 -0.116166 0.519738
    outer loop
      vertex 219.219 296.364 56.2786
      vertex 209.754 -0.157623 5.41696
      vertex 210.143 -0.063201 4.80458
    endloop
  endfacet
  facet normal 0.00824148 0.999966 -0
    outer loop
      vertex 215.48 297.329 0
      vertex 215.48 297.329 51.3806
      vertex 215.844 297.326 0
    endloop
  endfacet
  facet normal -0.145333 0.989383 1.62907e-08
    outer loop
      vertex 6.52928 297.247 0
      vertex 6.02551 297.173 0
      vertex 6.02552 297.173 89.2121
    endloop
  endfacet
  facet normal -0.596451 -0.802649 -5.52983e-07
    outer loop
      vertex -2.12835 -2.68062 0
      vertex -2.68438 -2.26746 39.8159
      vertex -2.68437 -2.26744 0
    endloop
  endfacet
  facet normal -0.113125 -0.993581 -2.79719e-07
    outer loop
      vertex -0.532179 -3.18873 0
      vertex -0.599116 -3.18112 39.5649
      vertex -0.599106 -3.18111 0
    endloop
  endfacet
  facet normal 0.846552 -0.532307 -1.75143e-06
    outer loop
      vertex 209.769 -1.83419 3.03926
      vertex 209.769 -1.83418 0
      vertex 210.058 -1.37457 0
    endloop
  endfacet
  facet normal 0.0264619 0.985151 0.16964
    outer loop
      vertex 5.63634 297.078 89.8245
      vertex 5.38441 296.968 90.5026
      vertex 6.02552 297.173 89.2121
    endloop
  endfacet
  facet normal 0.0336609 0.984331 0.173087
    outer loop
      vertex 6.02552 297.173 89.2121
      vertex 5.38441 296.968 90.5026
      vertex 6.53493 297.247 88.6922
    endloop
  endfacet
  facet normal -0.161999 -0.986791 -4.43393e-08
    outer loop
      vertex -0.975201 -3.12366 40.1899
      vertex -1.14861 -3.09519 0
      vertex -0.97519 -3.12366 0
    endloop
  endfacet
  facet normal -0.739475 -0.38538 0.551959
    outer loop
      vertex -2.70499 -0.77203 42.1621
      vertex -2.9967 -1.33374 41.3791
      vertex -2.56856 -1.43427 41.8825
    endloop
  endfacet
  facet normal 0.550707 -0.260202 0.793106
    outer loop
      vertex 209.244 -0.232306 5.93686
      vertex 208.579 -0.987989 6.15069
      vertex 209.173 -0.93744 5.75482
    endloop
  endfacet
  facet normal 0.160859 -0.376671 0.912274
    outer loop
      vertex 207.915 -1.01383 6.41657
      vertex -0.0916805 -1.01383 43.0938
      vertex 0.237058 -1.34911 42.8974
    endloop
  endfacet
  facet normal 0.707106 0.707106 -0.000952951
    outer loop
      vertex 219.329 296.845 0
      vertex 219.326 296.848 0
      vertex 219.526 296.721 54.1673
    endloop
  endfacet
  facet normal -0.882096 -0.15572 0.444587
    outer loop
      vertex -3.16341 -0.664398 41.6231
      vertex -3.54663 0.167674 41.1542
      vertex -3.49762 -0.5462 41.0014
    endloop
  endfacet
  facet normal -0.0465463 -0.895405 0.442814
    outer loop
      vertex -0.273484 -2.99322 41.0554
      vertex -0.709812 -2.65423 41.695
      vertex -0.63891 -2.98001 41.0437
    endloop
  endfacet
  facet normal 0.0295727 0.984671 0.171895
    outer loop
      vertex 9.01166 296.117 94.7674
      vertex 5.52963 296.595 92.6283
      vertex 8.2808 296.143 94.7442
    endloop
  endfacet
  facet normal 0.0301002 0.984862 0.170707
    outer loop
      vertex 11.3416 296.117 94.3566
      vertex 11.0456 296.417 92.678
      vertex 9.07596 296.417 93.0253
    endloop
  endfacet
  facet normal 0.0300985 0.984862 0.17071
    outer loop
      vertex 9.07596 296.417 93.0253
      vertex 9.01166 296.117 94.7674
      vertex 11.3416 296.117 94.3566
    endloop
  endfacet
  facet normal 0.0303213 0.984853 0.170717
    outer loop
      vertex 9.07596 296.417 93.0253
      vertex 5.52963 296.595 92.6283
      vertex 9.01166 296.117 94.7674
    endloop
  endfacet
  facet normal 0.0302717 0.984784 0.171128
    outer loop
      vertex 5.52963 296.595 92.6283
      vertex 9.07596 296.417 93.0253
      vertex 8.90868 296.587 92.0766
    endloop
  endfacet
  facet normal 0.0248876 0.98967 0.141188
    outer loop
      vertex 216.314 296.117 58.2145
      vertex 214.701 296.12 58.4778
      vertex 214.704 296.117 58.4983
    endloop
  endfacet
  facet normal -0.932082 -0.362247 -3.55111e-07
    outer loop
      vertex -3.49243 -1.10506 0
      vertex -3.5362 -0.992476 39.5089
      vertex -3.53619 -0.992463 0
    endloop
  endfacet
  facet normal 0.112633 0.993637 -0
    outer loop
      vertex 217.94 297.173 0
      vertex 217.296 297.246 0
      vertex 217.94 297.173 51.8458
    endloop
  endfacet
  facet normal -0.997147 -0.0754879 -3.81053e-09
    outer loop
      vertex -3.74106 -0.298998 39.6207
      vertex -3.79418 0.402685 0
      vertex -3.74106 -0.298996 0
    endloop
  endfacet
  facet normal -0.545663 -0.826875 0.136127
    outer loop
      vertex -1.84366 -2.8146 40.3036
      vertex -2.32208 -2.43287 40.7046
      vertex -2.0145 -2.75418 39.9858
    endloop
  endfacet
  facet normal 0.400098 -0.916473 -2.86807e-06
    outer loop
      vertex 208.607 -2.8146 3.19543
      vertex 208.511 -2.8565 0
      vertex 208.607 -2.81459 0
    endloop
  endfacet
  facet normal 0.199876 -0.963662 0.177215
    outer loop
      vertex 207.728 -2.98001 4.30297
      vertex 207.595 -3.14674 3.54633
      vertex 208.032 -2.95417 4.10061
    endloop
  endfacet
  facet normal 0.932301 -0.353941 0.0744366
    outer loop
      vertex 210.4 -0.5462 3.28544
      vertex 210.059 -1.33374 3.81168
      vertex 210.153 -1.22335 3.15925
    endloop
  endfacet
  facet normal 0.929823 -0.189392 0.31553
    outer loop
      vertex 210.143 -0.063201 4.80458
      vertex 210.052 -0.77203 4.64728
      vertex 210.299 -0.664398 3.98401
    endloop
  endfacet
  facet normal 0.716846 -0.140536 0.682922
    outer loop
      vertex 209.244 -0.232306 5.93686
      vertex 218.83 296.27 56.891
      vertex 218.32 296.195 57.4109
    endloop
  endfacet
  facet normal 0.716803 -0.140542 0.682965
    outer loop
      vertex 218.83 296.27 56.891
      vertex 209.244 -0.232306 5.93686
      vertex 209.754 -0.157623 5.41696
    endloop
  endfacet
  facet normal 0.37195 -0.169856 0.91258
    outer loop
      vertex 217.713 296.143 57.8156
      vertex 207.958 -0.310403 6.6134
      vertex 208.637 -0.283985 6.34157
    endloop
  endfacet
  facet normal 0.118295 -0.732063 0.670887
    outer loop
      vertex 207.377 -2.464 5.42314
      vertex -0.171512 -2.22096 42.2847
      vertex 0.0746098 -2.464 41.9761
    endloop
  endfacet
  facet normal 0.144799 -0.989461 -2.7901e-06
    outer loop
      vertex 207.718 -3.12873 0
      vertex 207.595 -3.14674 3.54633
      vertex 207.595 -3.14673 0
    endloop
  endfacet
  facet normal -0.596425 -0.802669 9.01525e-09
    outer loop
      vertex -2.12835 -2.68062 0
      vertex -2.11438 -2.691 39.6395
      vertex -2.68438 -2.26746 39.8159
    endloop
  endfacet
  facet normal -0.596038 -0.802956 -2.02565e-07
    outer loop
      vertex -2.11438 -2.691 39.6395
      vertex -2.12835 -2.68062 0
      vertex -2.11438 -2.69099 0
    endloop
  endfacet
  facet normal -0.226015 0.974124 -5.13531e-05
    outer loop
      vertex 5.63634 297.078 0
      vertex 6.02552 297.173 89.2121
      vertex 5.64065 297.079 0
    endloop
  endfacet
  facet normal -0.23714 0.971475 0
    outer loop
      vertex 6.02552 297.173 89.2121
      vertex 5.63634 297.078 0
      vertex 5.63634 297.078 89.8245
    endloop
  endfacet
  facet normal -0.23727 0.971444 2.65962e-08
    outer loop
      vertex 6.02551 297.173 0
      vertex 5.64065 297.079 0
      vertex 6.02552 297.173 89.2121
    endloop
  endfacet
  facet normal -0.0450085 -0.464446 0.884457
    outer loop
      vertex -0.127844 -1.6601 42.7526
      vertex -0.806561 -0.987989 43.071
      vertex -0.79551 -1.63596 42.7313
    endloop
  endfacet
  facet normal -0.545689 -0.82686 0.136109
    outer loop
      vertex -2.32208 -2.43287 40.7046
      vertex -2.55071 -2.35201 40.2792
      vertex -2.0145 -2.75418 39.9858
    endloop
  endfacet
  facet normal 0.607185 -0.611901 0.506857
    outer loop
      vertex 209.007 -1.58875 5.46554
      vertex 208.754 -2.15778 5.08166
      vertex 209.166 -2.09736 4.66105
    endloop
  endfacet
  facet normal 0.883315 -0.385423 0.26684
    outer loop
      vertex 210.299 -0.664398 3.98401
      vertex 209.828 -1.43427 4.43115
      vertex 210.059 -1.33374 3.81168
    endloop
  endfacet
  facet normal 0.798854 -0.5654 0.205316
    outer loop
      vertex 209.828 -1.43427 4.43115
      vertex 209.481 -2.02097 4.16562
      vertex 209.685 -1.93195 3.61703
    endloop
  endfacet
  facet normal 0.990708 -0.136004 3.98567e-07
    outer loop
      vertex 210.498 0.167674 3.41232
      vertex 210.4 -0.5462 3.28544
      vertex 210.498 0.167664 0
    endloop
  endfacet
  facet normal 0.0369105 0.999319 -0
    outer loop
      vertex 215.844 297.326 0
      vertex 215.844 297.326 51.3357
      vertex 216.575 297.299 51.359
    endloop
  endfacet
  facet normal 0.235349 -0.971911 0
    outer loop
      vertex 207.752 -3.12366 3.38567
      vertex 207.752 -3.12366 0
      vertex 207.845 -3.10114 0
    endloop
  endfacet
  facet normal 0.162416 0.986722 -0
    outer loop
      vertex 217.94 297.173 0
      vertex 217.94 297.173 51.8458
      vertex 218.505 297.08 0
    endloop
  endfacet
  facet normal 0.0301662 0.984827 0.170899
    outer loop
      vertex 217.284 297.247 51.5315
      vertex 216.314 296.117 58.2145
      vertex 218.984 296.968 52.8392
    endloop
  endfacet
  facet normal 0 -1 0
    outer loop
      vertex 46.6082 -3.20383 0
      vertex -0.278358 -3.20383 39.9743
      vertex -0.278351 -3.20383 0
    endloop
  endfacet
  facet normal 0 -1 0
    outer loop
      vertex -0.278358 -3.20383 39.9743
      vertex 46.6082 -3.20383 0
      vertex 207.024 -3.20383 3.42135
    endloop
  endfacet
  facet normal 0.143866 -0.967743 0.206824
    outer loop
      vertex 207.728 -2.98001 4.30297
      vertex 207.149 -3.102 4.13492
      vertex 207.407 -3.16271 3.67139
    endloop
  endfacet
  facet normal -0.997289 0.0181526 0.0713122
    outer loop
      vertex 5.32986 296.721 91.9358
      vertex -3.79552 0.420398 39.7427
      vertex -3.7464 0.294036 40.4618
    endloop
  endfacet
  facet normal -0.596784 -0.413349 0.687743
    outer loop
      vertex -2.14241 -0.864389 42.5948
      vertex -2.56856 -1.43427 41.8825
      vertex -2.04313 -1.52052 42.2866
    endloop
  endfacet
  facet normal 0.171014 -0.173514 0.96987
    outer loop
      vertex 207.958 -0.310403 6.6134
      vertex 0.66701 0.0498877 43.2289
      vertex 207.587 -0.670693 6.61436
    endloop
  endfacet
  facet normal 0.170951 -0.173588 0.969867
    outer loop
      vertex 2.34695 2.35633 43.3456
      vertex 0.66701 0.0498877 43.2289
      vertex 2.32591 1.66906 43.2263
    endloop
  endfacet
  facet normal 0.171029 -0.173648 0.969843
    outer loop
      vertex 214.634 293.81 58.0977
      vertex 207.958 -0.310403 6.6134
      vertex 216.314 296.117 58.2145
    endloop
  endfacet
  facet normal 0.171029 -0.173648 0.969843
    outer loop
      vertex 205.689 1.66906 7.36795
      vertex 207.958 -0.310403 6.6134
      vertex 214.634 293.81 58.0977
    endloop
  endfacet
  facet normal 0.17101 -0.173648 0.969846
    outer loop
      vertex 0.66701 0.0498877 43.2289
      vertex 205.689 1.66906 7.36795
      vertex 2.32591 1.66906 43.2263
    endloop
  endfacet
  facet normal 0.171009 -0.173671 0.969842
    outer loop
      vertex 205.689 1.66906 7.36795
      vertex 0.66701 0.0498877 43.2289
      vertex 207.958 -0.310403 6.6134
    endloop
  endfacet
  facet normal 0.344297 -0.464586 0.815855
    outer loop
      vertex 207.915 -1.01383 6.41657
      vertex 207.832 -1.6601 6.08358
      vertex 208.453 -1.63596 5.83526
    endloop
  endfacet
  facet normal 0.34476 -0.464205 0.815876
    outer loop
      vertex 208.579 -0.987989 6.15069
      vertex 207.915 -1.01383 6.41657
      vertex 208.453 -1.63596 5.83526
    endloop
  endfacet
  facet normal -0.333337 -0.942808 -4.03551e-07
    outer loop
      vertex -1.29776 -3.06048 39.883
      vertex -1.40075 -3.02405 0
      vertex -1.29774 -3.06047 0
    endloop
  endfacet
  facet normal -0.848867 -0.506121 0.152532
    outer loop
      vertex -3.30883 -1.22335 40.7984
      vertex -3.49133 -1.10791 40.1658
      vertex -3.15014 -1.73196 39.9939
    endloop
  endfacet
  facet normal -0.961528 -0.018157 0.274105
    outer loop
      vertex 5.52963 296.595 92.6283
      vertex -3.7464 0.294036 40.4618
      vertex -3.54663 0.167674 41.1542
    endloop
  endfacet
  facet normal -0.585384 0.810756 0.000649025
    outer loop
      vertex 5.38717 296.97 0
      vertex 5.3844 296.968 0
      vertex 5.63634 297.078 89.8245
    endloop
  endfacet
  facet normal 0.400178 -0.916438 0
    outer loop
      vertex 208.481 -2.86962 0
      vertex 208.607 -2.8146 3.19543
      vertex 208.481 -2.86962 3.53447
    endloop
  endfacet
  facet normal 0.400691 -0.916213 -2.4085e-05
    outer loop
      vertex 208.607 -2.8146 3.19543
      vertex 208.481 -2.86962 0
      vertex 208.511 -2.8565 0
    endloop
  endfacet
  facet normal 0.714715 -0.699416 -2.05193e-06
    outer loop
      vertex 209.194 -2.43287 3.40858
      vertex 209.194 -2.43286 0
      vertex 209.573 -2.04557 0
    endloop
  endfacet
  facet normal 0.755411 -0.655251 0.000198348
    outer loop
      vertex 209.769 -1.83419 3.03926
      vertex 209.685 -1.93195 0
      vertex 209.706 -1.90774 0
    endloop
  endfacet
  facet normal 0.545239 -0.838281 -2.62337e-06
    outer loop
      vertex 209.054 -2.52385 0
      vertex 208.607 -2.8146 3.19543
      vertex 208.607 -2.81459 0
    endloop
  endfacet
  facet normal 0.678723 -0.721749 0.135695
    outer loop
      vertex 209.685 -1.93195 3.61703
      vertex 209.025 -2.50649 3.86231
      vertex 209.194 -2.43287 3.40858
    endloop
  endfacet
  facet normal -0.168414 -0.888812 0.426203
    outer loop
      vertex -0.709812 -2.65423 41.695
      vertex -1.18435 -2.61965 41.5796
      vertex -0.993501 -2.95417 40.9574
    endloop
  endfacet
  facet normal -0.12157 -0.992418 0.0180914
    outer loop
      vertex -0.772326 -3.14674 40.2871
      vertex -0.975201 -3.12366 40.1899
      vertex -0.530492 -3.18893 39.5978
    endloop
  endfacet
  facet normal 0.145464 -0.989364 2.07632e-05
    outer loop
      vertex 207.718 -3.12873 0
      vertex 207.752 -3.12366 3.38567
      vertex 207.595 -3.14674 3.54633
    endloop
  endfacet
  facet normal 0.147487 -0.989064 0
    outer loop
      vertex 207.752 -3.12366 3.38567
      vertex 207.718 -3.12873 0
      vertex 207.752 -3.12366 0
    endloop
  endfacet
  facet normal 0.838991 -0.217767 0.498671
    outer loop
      vertex 209.754 -0.157623 5.41696
      vertex 209.672 -0.864389 5.24628
      vertex 210.052 -0.77203 4.64728
    endloop
  endfacet
  facet normal 0.796358 -0.413439 0.441455
    outer loop
      vertex 210.052 -0.77203 4.64728
      vertex 209.672 -0.864389 5.24628
      vertex 209.828 -1.43427 4.43115
    endloop
  endfacet
  facet normal 0.712165 -0.702011 -0.000580386
    outer loop
      vertex 209.685 -1.93195 0
      vertex 209.194 -2.43287 3.40858
      vertex 209.573 -2.04557 0
    endloop
  endfacet
  facet normal 0.398761 -0.878016 0.264723
    outer loop
      vertex 208.424 -2.61965 4.61996
      vertex 208.287 -2.91683 3.84066
      vertex 208.765 -2.56967 4.27207
    endloop
  endfacet
  facet normal 0.938341 -0.0868373 0.334626
    outer loop
      vertex 219.219 296.364 56.2786
      vertex 210.395 0.046834 4.12649
      vertex 219.471 296.474 55.6005
    endloop
  endfacet
  facet normal 0.0299232 0.984745 0.171411
    outer loop
      vertex 218.83 296.27 56.891
      vertex 217.713 296.143 57.8156
      vertex 218.32 296.195 57.4109
    endloop
  endfacet
  facet normal 0.0291674 0.984922 0.170522
    outer loop
      vertex 219.575 296.595 54.8864
      vertex 217.713 296.143 57.8156
      vertex 218.83 296.27 56.891
    endloop
  endfacet
  facet normal 0.0305655 0.98473 0.171382
    outer loop
      vertex 219.575 296.595 54.8864
      vertex 216.314 296.117 58.2145
      vertex 217.713 296.143 57.8156
    endloop
  endfacet
  facet normal 0.550855 -0.260378 0.792945
    outer loop
      vertex 208.637 -0.283985 6.34157
      vertex 208.579 -0.987989 6.15069
      vertex 209.244 -0.232306 5.93686
    endloop
  endfacet
  facet normal 0.366789 -0.271477 0.889812
    outer loop
      vertex 208.637 -0.283985 6.34157
      vertex 207.958 -0.310403 6.6134
      vertex 208.579 -0.987989 6.15069
    endloop
  endfacet
  facet normal 0.529233 -0.8464 0.0593279
    outer loop
      vertex 209.025 -2.50649 3.86231
      vertex 208.481 -2.86962 3.53447
      vertex 208.607 -2.8146 3.19543
    endloop
  endfacet
  facet normal 0.528891 -0.846592 0.0596313
    outer loop
      vertex 209.025 -2.50649 3.86231
      vertex 208.607 -2.8146 3.19543
      vertex 209.194 -2.43287 3.40858
    endloop
  endfacet
  facet normal 0.269201 -0.274744 0.923064
    outer loop
      vertex 207.958 -0.310403 6.6134
      vertex 207.587 -0.670693 6.61436
      vertex 207.915 -1.01383 6.41657
    endloop
  endfacet
  facet normal 0.520584 -0.453881 0.723176
    outer loop
      vertex 209.173 -0.93744 5.75482
      vertex 208.579 -0.987989 6.15069
      vertex 209.007 -1.58875 5.46554
    endloop
  endfacet
  facet normal 0.087618 -0.86337 0.496906
    outer loop
      vertex 207.081 -2.6719 5.15767
      vertex -0.220776 -2.6719 41.7106
      vertex 207.269 -2.85174 4.81205
    endloop
  endfacet
  facet normal 0.192101 -0.89557 0.401311
    outer loop
      vertex 207.563 -2.6719 5.07265
      vertex 207.269 -2.85174 4.81205
      vertex 207.389 -2.99322 4.43888
    endloop
  endfacet
  facet normal 0.0527716 -0.952704 0.299283
    outer loop
      vertex 207.389 -2.99322 4.43888
      vertex -0.273484 -2.99322 41.0554
      vertex 207.149 -3.102 4.13492
    endloop
  endfacet
  facet normal -0.284123 -0.878112 0.384959
    outer loop
      vertex -1.18435 -2.61965 41.5796
      vertex -1.32176 -2.91683 40.8003
      vertex -0.993501 -2.95417 40.9574
    endloop
  endfacet
  facet normal -0.111592 -0.993754 2.34678e-06
    outer loop
      vertex -0.530487 -3.18892 0
      vertex -0.599116 -3.18112 39.5649
      vertex -0.532179 -3.18873 0
    endloop
  endfacet
  facet normal -0.113078 -0.993586 -2.65198e-07
    outer loop
      vertex -0.599116 -3.18112 39.5649
      vertex -0.530487 -3.18892 0
      vertex -0.530492 -3.18893 39.5978
    endloop
  endfacet
  facet normal -0.397689 0.91752 0
    outer loop
      vertex 5.63634 297.078 0
      vertex 5.38717 296.97 0
      vertex 5.63634 297.078 89.8245
    endloop
  endfacet
  facet normal 0.346817 -0.937933 0
    outer loop
      vertex 208.481 -2.86962 3.53447
      vertex 208.007 -3.04489 0
      vertex 208.481 -2.86962 0
    endloop
  endfacet
  facet normal -0.591548 -0.805925 0.0235791
    outer loop
      vertex -2.0145 -2.75418 39.9858
      vertex -2.68438 -2.26746 39.8159
      vertex -2.11438 -2.691 39.6395
    endloop
  endfacet
  facet normal -0.402794 -0.915291 -2.3063e-07
    outer loop
      vertex -1.40334 -3.02314 39.6866
      vertex -1.99947 -2.76079 0
      vertex -1.40334 -3.02313 0
    endloop
  endfacet
  facet normal -0.334723 -0.942317 -2.3744e-07
    outer loop
      vertex -1.40075 -3.02405 0
      vertex -1.40334 -3.02314 39.6866
      vertex -1.40334 -3.02313 0
    endloop
  endfacet
  facet normal -0.333427 -0.942776 -1.42363e-07
    outer loop
      vertex -1.40334 -3.02314 39.6866
      vertex -1.40075 -3.02405 0
      vertex -1.29776 -3.06048 39.883
    endloop
  endfacet
  facet normal -0.959455 -0.120418 0.254844
    outer loop
      vertex -3.54663 0.167674 41.1542
      vertex -3.7464 0.294036 40.4618
      vertex -3.49762 -0.5462 41.0014
    endloop
  endfacet
  facet normal -0.680467 -0.565714 0.465761
    outer loop
      vertex -2.56856 -1.43427 41.8825
      vertex -2.9967 -1.33374 41.3791
      vertex -2.33296 -2.02097 41.5141
    endloop
  endfacet
  facet normal 0.672666 -0.436739 0.59731
    outer loop
      vertex 209.173 -0.93744 5.75482
      vertex 209.007 -1.58875 5.46554
      vertex 209.672 -0.864389 5.24628
    endloop
  endfacet
  facet normal 0.796256 -0.413564 0.441522
    outer loop
      vertex 209.672 -0.864389 5.24628
      vertex 209.473 -1.52052 4.99058
      vertex 209.828 -1.43427 4.43115
    endloop
  endfacet
  facet normal 0.932005 0.362446 -0
    outer loop
      vertex 219.575 296.595 0
      vertex 219.526 296.721 54.1673
      vertex 219.575 296.595 54.8864
    endloop
  endfacet
  facet normal 0.894427 0.447214 -0.000231172
    outer loop
      vertex 219.574 296.597 0
      vertex 219.526 296.721 54.1673
      vertex 219.575 296.595 0
    endloop
  endfacet
  facet normal 0.163008 0.986625 -0
    outer loop
      vertex 218.515 297.078 0
      vertex 217.94 297.173 51.8458
      vertex 218.515 297.078 52.2882
    endloop
  endfacet
  facet normal 0.196116 0.980581 0.000378268
    outer loop
      vertex 217.94 297.173 51.8458
      vertex 218.515 297.078 0
      vertex 218.505 297.08 0
    endloop
  endfacet
  facet normal 0.033166 0.985153 0.168443
    outer loop
      vertex 218.515 297.078 52.2882
      vertex 217.94 297.173 51.8458
      vertex 218.984 296.968 52.8392
    endloop
  endfacet
  facet normal 0.228567 0.973528 -0
    outer loop
      vertex 218.515 297.078 0
      vertex 218.515 297.078 52.2882
      vertex 218.975 296.97 0
    endloop
  endfacet
  facet normal 0.331088 0.9436 -0
    outer loop
      vertex 218.984 296.968 0
      vertex 218.984 296.968 52.8392
      vertex 219.326 296.848 53.4749
    endloop
  endfacet
  facet normal -0.0752972 -0.997101 0.0109646
    outer loop
      vertex -0.278358 -3.20383 39.9743
      vertex -0.530492 -3.18893 39.5978
      vertex -0.456363 -3.19433 39.6158
    endloop
  endfacet
  facet normal -0.0546751 -0.998504 -6.23579e-06
    outer loop
      vertex -0.278351 -3.20383 0
      vertex -0.456363 -3.19433 39.6158
      vertex -0.282734 -3.20359 0
    endloop
  endfacet
  facet normal -0.0532934 -0.998579 -9.33235e-09
    outer loop
      vertex -0.456363 -3.19433 39.6158
      vertex -0.278351 -3.20383 0
      vertex -0.278358 -3.20383 39.9743
    endloop
  endfacet
  facet normal 0.143091 -0.566551 0.811508
    outer loop
      vertex 207.832 -1.6601 6.08358
      vertex -0.127844 -1.6601 42.7526
      vertex 0.166008 -1.95572 42.4944
    endloop
  endfacet
  facet normal -0.767339 -0.0868297 0.635336
    outer loop
      vertex 5.8713 296.474 93.2639
      vertex -3.20496 0.046834 41.7899
      vertex 6.33996 296.364 93.8149
    endloop
  endfacet
  facet normal 0.0291494 0.984702 0.17179
    outer loop
      vertex 6.33996 296.364 93.8149
      vertex 5.52963 296.595 92.6283
      vertex 5.8713 296.474 93.2639
    endloop
  endfacet
  facet normal 0.17101 -0.173633 0.969849
    outer loop
      vertex 0.66701 0.0498877 43.2289
      vertex -0.0646038 -0.310403 43.2934
      vertex 207.587 -0.670693 6.61436
    endloop
  endfacet
  facet normal 0.171017 -0.173648 0.969845
    outer loop
      vertex 9.01166 296.117 94.7674
      vertex -0.0646038 -0.310403 43.2934
      vertex 0.66701 0.0498877 43.2289
    endloop
  endfacet
  facet normal 0.0630605 -0.274679 0.959466
    outer loop
      vertex -0.0646038 -0.310403 43.2934
      vertex -0.0916805 -1.01383 43.0938
      vertex 0.284655 -0.670693 43.1673
    endloop
  endfacet
  facet normal -0.241661 -0.453782 0.857719
    outer loop
      vertex -0.806561 -0.987989 43.071
      vertex -1.50024 -0.93744 42.9023
      vertex -0.79551 -1.63596 42.7313
    endloop
  endfacet
  facet normal -0.480113 -0.743501 0.465508
    outer loop
      vertex -1.86765 -2.09736 41.872
      vertex -2.33296 -2.02097 41.5141
      vertex -1.62364 -2.56967 41.3693
    endloop
  endfacet
  facet normal -0.550462 -0.591192 0.589478
    outer loop
      vertex -1.86765 -2.09736 41.872
      vertex -2.56856 -1.43427 41.8825
      vertex -2.33296 -2.02097 41.5141
    endloop
  endfacet
  facet normal 0.0717469 0.997423 -0
    outer loop
      vertex 216.575 297.299 0
      vertex 216.575 297.299 51.359
      vertex 217.284 297.248 0
    endloop
  endfacet
  facet normal -0.995019 -0.0843356 0.0531477
    outer loop
      vertex -3.7464 0.294036 40.4618
      vertex -3.79552 0.420398 39.7427
      vertex -3.69302 -0.422599 40.324
    endloop
  endfacet
  facet normal -0.99715 -0.0754478 7.10513e-07
    outer loop
      vertex -3.74106 -0.298998 39.6207
      vertex -3.79552 0.420395 0
      vertex -3.79418 0.402685 0
    endloop
  endfacet
  facet normal -0.959466 -0.12046 0.254784
    outer loop
      vertex -3.49762 -0.5462 41.0014
      vertex -3.7464 0.294036 40.4618
      vertex -3.69302 -0.422599 40.324
    endloop
  endfacet
  facet normal -0.995019 -0.0843379 0.0531444
    outer loop
      vertex -3.69302 -0.422599 40.324
      vertex -3.79552 0.420398 39.7427
      vertex -3.74106 -0.298998 39.6207
    endloop
  endfacet
  facet normal 0.709793 -0.2421 0.6615
    outer loop
      vertex 209.754 -0.157623 5.41696
      vertex 209.244 -0.232306 5.93686
      vertex 209.672 -0.864389 5.24628
    endloop
  endfacet
  facet normal 0.718958 -0.590875 0.366015
    outer loop
      vertex 209.828 -1.43427 4.43115
      vertex 209.166 -2.09736 4.66105
      vertex 209.481 -2.02097 4.16562
    endloop
  endfacet
  facet normal 0.0325863 0.984588 0.171828
    outer loop
      vertex 219.471 296.474 55.6005
      vertex 218.83 296.27 56.891
      vertex 219.219 296.364 56.2786
    endloop
  endfacet
  facet normal 0.843472 -0.53629 0.0307855
    outer loop
      vertex 210.059 -1.33374 3.81168
      vertex 209.769 -1.83419 3.03926
      vertex 210.153 -1.22335 3.15925
    endloop
  endfacet
  facet normal 0.0318785 0.98467 0.171489
    outer loop
      vertex 219.575 296.595 54.8864
      vertex 218.83 296.27 56.891
      vertex 219.471 296.474 55.6005
    endloop
  endfacet
  facet normal 0.938341 -0.0868374 0.334626
    outer loop
      vertex 219.219 296.364 56.2786
      vertex 210.143 -0.063201 4.80458
      vertex 210.395 0.046834 4.12649
    endloop
  endfacet
  facet normal 0.371825 -0.169861 0.91263
    outer loop
      vertex 217.034 296.117 58.0874
      vertex 207.958 -0.310403 6.6134
      vertex 217.713 296.143 57.8156
    endloop
  endfacet
  facet normal 0.0297619 0.985236 0.168596
    outer loop
      vertex 217.713 296.143 57.8156
      vertex 216.314 296.117 58.2145
      vertex 217.034 296.117 58.0874
    endloop
  endfacet
  facet normal 0.55708 -0.15861 0.815172
    outer loop
      vertex 217.713 296.143 57.8156
      vertex 209.244 -0.232306 5.93686
      vertex 218.32 296.195 57.4109
    endloop
  endfacet
  facet normal 0.557032 -0.158614 0.815204
    outer loop
      vertex 209.244 -0.232306 5.93686
      vertex 217.713 296.143 57.8156
      vertex 208.637 -0.283985 6.34157
    endloop
  endfacet
  facet normal 0.256646 -0.783522 0.565885
    outer loop
      vertex 207.713 -2.22096 5.62899
      vertex 207.563 -2.6719 5.07265
      vertex 208.018 -2.65423 4.89076
    endloop
  endfacet
  facet normal 0.709679 -0.24225 0.661567
    outer loop
      vertex 209.244 -0.232306 5.93686
      vertex 209.173 -0.93744 5.75482
      vertex 209.672 -0.864389 5.24628
    endloop
  endfacet
  facet normal 0.0958034 -0.995256 0.0169262
    outer loop
      vertex 207.407 -3.16271 3.67139
      vertex 207.024 -3.20383 3.42135
      vertex 207.595 -3.14674 3.54633
    endloop
  endfacet
  facet normal 0.199763 -0.963681 0.177239
    outer loop
      vertex 207.728 -2.98001 4.30297
      vertex 207.407 -3.16271 3.67139
      vertex 207.595 -3.14674 3.54633
    endloop
  endfacet
  facet normal 0.234395 -0.972141 -2.77211e-05
    outer loop
      vertex 207.845 -3.10114 0
      vertex 207.873 -3.09448 3.19643
      vertex 207.752 -3.12366 3.38567
    endloop
  endfacet
  facet normal 0.231401 -0.972858 0
    outer loop
      vertex 207.873 -3.09448 3.19643
      vertex 207.845 -3.10114 0
      vertex 207.873 -3.09448 0
    endloop
  endfacet
  facet normal 0.34707 -0.937839 0
    outer loop
      vertex 208.007 -3.04489 0
      vertex 207.873 -3.09448 3.19643
      vertex 207.873 -3.09448 0
    endloop
  endfacet
  facet normal 0.346878 -0.93791 -9.18703e-06
    outer loop
      vertex 207.873 -3.09448 3.19643
      vertex 208.007 -3.04489 0
      vertex 208.481 -2.86962 3.53447
    endloop
  endfacet
  facet normal 0.265251 -0.956323 0.122831
    outer loop
      vertex 208.032 -2.95417 4.10061
      vertex 207.752 -3.12366 3.38567
      vertex 208.287 -2.91683 3.84066
    endloop
  endfacet
  facet normal 0.318378 -0.946319 0.0558139
    outer loop
      vertex 208.287 -2.91683 3.84066
      vertex 207.752 -3.12366 3.38567
      vertex 208.481 -2.86962 3.53447
    endloop
  endfacet
  facet normal 0.0656202 -0.92585 0.372151
    outer loop
      vertex -0.0331402 -2.85174 41.365
      vertex -0.273484 -2.99322 41.0554
      vertex 207.269 -2.85174 4.81205
    endloop
  endfacet
  facet normal 0.0961121 -0.832858 0.545078
    outer loop
      vertex 207.377 -2.464 5.42314
      vertex -0.220776 -2.6719 41.7106
      vertex 207.081 -2.6719 5.15767
    endloop
  endfacet
  facet normal 0.67867 -0.721886 0.135231
    outer loop
      vertex 209.481 -2.02097 4.16562
      vertex 209.025 -2.50649 3.86231
      vertex 209.685 -1.93195 3.61703
    endloop
  endfacet
  facet normal 0.0492154 -0.468466 0.88211
    outer loop
      vertex -0.0916805 -1.01383 43.0938
      vertex -0.127844 -1.6601 42.7526
      vertex 0.237058 -1.34911 42.8974
    endloop
  endfacet
  facet normal 0.021133 0.984437 0.174461
    outer loop
      vertex 219.326 296.848 53.4749
      vertex 218.984 296.968 52.8392
      vertex 219.526 296.721 54.1673
    endloop
  endfacet
  facet normal 0.532699 0.846305 -0
    outer loop
      vertex 219.526 296.721 0
      vertex 219.329 296.845 0
      vertex 219.526 296.721 54.1673
    endloop
  endfacet
  facet normal -0.0475833 -0.637689 0.768823
    outer loop
      vertex -0.127844 -1.6601 42.7526
      vertex -0.79551 -1.63596 42.7313
      vertex -0.171512 -2.22096 42.2847
    endloop
  endfacet
  facet normal -0.348295 -0.761599 0.546496
    outer loop
      vertex -1.33652 -2.15778 42.1263
      vertex -1.86765 -2.09736 41.872
      vertex -1.62364 -2.56967 41.3693
    endloop
  endfacet
  facet normal 0.714143 -0.7 0
    outer loop
      vertex 209.685 -1.93195 3.61703
      vertex 209.194 -2.43287 3.40858
      vertex 209.685 -1.93195 0
    endloop
  endfacet
  facet normal 0.758467 -0.651711 0
    outer loop
      vertex 209.769 -1.83419 3.03926
      vertex 209.685 -1.93195 3.61703
      vertex 209.685 -1.93195 0
    endloop
  endfacet
  facet normal 0.610109 -0.743711 0.273242
    outer loop
      vertex 209.166 -2.09736 4.66105
      vertex 209.025 -2.50649 3.86231
      vertex 209.481 -2.02097 4.16562
    endloop
  endfacet
  facet normal 0.719065 -0.591286 0.365139
    outer loop
      vertex 209.473 -1.52052 4.99058
      vertex 209.166 -2.09736 4.66105
      vertex 209.828 -1.43427 4.43115
    endloop
  endfacet
  facet normal 0.0369105 0.999319 -0
    outer loop
      vertex 216.575 297.299 0
      vertex 215.844 297.326 0
      vertex 216.575 297.299 51.359
    endloop
  endfacet
  facet normal 0.0731416 0.997322 1.93536e-05
    outer loop
      vertex 217.284 297.248 0
      vertex 216.575 297.299 51.359
      vertex 217.284 297.247 51.5315
    endloop
  endfacet
  facet normal 0.164399 0.986394 -0.00065321
    outer loop
      vertex 217.296 297.246 0
      vertex 217.284 297.248 0
      vertex 217.94 297.173 51.8458
    endloop
  endfacet
  facet normal 0.112085 0.993699 1.92833e-05
    outer loop
      vertex 217.94 297.173 51.8458
      vertex 217.284 297.248 0
      vertex 217.284 297.247 51.5315
    endloop
  endfacet
  facet normal -0.151032 -0.988529 -4.13376e-08
    outer loop
      vertex -0.97519 -3.12366 0
      vertex -0.599116 -3.18112 39.5649
      vertex -0.975201 -3.12366 40.1899
    endloop
  endfacet
  facet normal -0.150342 -0.988634 -6.75028e-06
    outer loop
      vertex -0.599116 -3.18112 39.5649
      vertex -0.97519 -3.12366 0
      vertex -0.965918 -3.12507 0
    endloop
  endfacet
  facet normal 0.0158705 -0.995815 0.0900061
    outer loop
      vertex 207.024 -3.20383 3.42135
      vertex -0.327332 -3.17087 40.3476
      vertex -0.278358 -3.20383 39.9743
    endloop
  endfacet
  facet normal -0.0726969 -0.997354 -2.6105e-07
    outer loop
      vertex -0.458186 -3.19419 0
      vertex -0.530492 -3.18893 39.5978
      vertex -0.530487 -3.18892 0
    endloop
  endfacet
  facet normal -0.0710141 -0.997475 2.82776e-06
    outer loop
      vertex -0.45636 -3.19432 0
      vertex -0.530492 -3.18893 39.5978
      vertex -0.458186 -3.19419 0
    endloop
  endfacet
  facet normal -0.0726534 -0.997357 -2.57259e-07
    outer loop
      vertex -0.530492 -3.18893 39.5978
      vertex -0.45636 -3.19432 0
      vertex -0.456363 -3.19433 39.6158
    endloop
  endfacet
  facet normal -0.766338 -0.188783 0.614074
    outer loop
      vertex -2.70499 -0.77203 42.1621
      vertex -3.20496 0.046834 41.7899
      vertex -3.16341 -0.664398 41.6231
    endloop
  endfacet
  facet normal -0.207566 -0.956248 0.206171
    outer loop
      vertex -0.772326 -3.14674 40.2871
      vertex -1.32176 -2.91683 40.8003
      vertex -0.975201 -3.12366 40.1899
    endloop
  endfacet
  facet normal -0.596816 -0.413316 0.687736
    outer loop
      vertex -2.14241 -0.864389 42.5948
      vertex -2.70499 -0.77203 42.1621
      vertex -2.56856 -1.43427 41.8825
    endloop
  endfacet
  facet normal 0.0305418 0.984764 0.171194
    outer loop
      vertex 8.2808 296.143 94.7442
      vertex 6.91511 296.27 94.2573
      vertex 7.57162 296.195 94.5716
    endloop
  endfacet
  facet normal 0.171009 -0.173668 0.969843
    outer loop
      vertex 207.587 -0.670693 6.61436
      vertex -0.0646038 -0.310403 43.2934
      vertex 0.284655 -0.670693 43.1673
    endloop
  endfacet
  facet normal 0.0280061 -0.641635 0.766498
    outer loop
      vertex -0.127844 -1.6601 42.7526
      vertex -0.171512 -2.22096 42.2847
      vertex 0.166008 -1.95572 42.4944
    endloop
  endfacet
  facet normal 0.52119 -0.45334 0.72308
    outer loop
      vertex 208.579 -0.987989 6.15069
      vertex 208.453 -1.63596 5.83526
      vertex 209.007 -1.58875 5.46554
    endloop
  endfacet
  facet normal 0.366859 -0.271407 0.889805
    outer loop
      vertex 207.958 -0.310403 6.6134
      vertex 207.915 -1.01383 6.41657
      vertex 208.579 -0.987989 6.15069
    endloop
  endfacet
  facet normal -0.0449967 -0.464437 0.884463
    outer loop
      vertex -0.0916805 -1.01383 43.0938
      vertex -0.806561 -0.987989 43.071
      vertex -0.127844 -1.6601 42.7526
    endloop
  endfacet
  facet normal 0.30724 -0.637705 0.706354
    outer loop
      vertex 207.832 -1.6601 6.08358
      vertex 207.713 -2.22096 5.62899
      vertex 208.453 -1.63596 5.83526
    endloop
  endfacet
  facet normal -0.997147 -0.0754864 5.69813e-09
    outer loop
      vertex -3.74106 -0.298998 39.6207
      vertex -3.79552 0.420398 39.7427
      vertex -3.79552 0.420395 0
    endloop
  endfacet
  facet normal -0.680465 -0.565711 0.465767
    outer loop
      vertex -2.33296 -2.02097 41.5141
      vertex -2.9967 -1.33374 41.3791
      vertex -2.71211 -1.93195 41.0683
    endloop
  endfacet
  facet normal -0.850224 -0.353879 0.389729
    outer loop
      vertex -2.9967 -1.33374 41.3791
      vertex -3.49762 -0.5462 41.0014
      vertex -3.30883 -1.22335 40.7984
    endloop
  endfacet
  facet normal -0.617262 -0.217955 0.755965
    outer loop
      vertex -2.16115 -0.157623 42.7833
      vertex -2.7363 -0.063201 42.3409
      vertex -2.70499 -0.77203 42.1621
    endloop
  endfacet
  facet normal -0.88376 -0.0536613 0.464854
    outer loop
      vertex 5.52963 296.595 92.6283
      vertex -3.20496 0.046834 41.7899
      vertex 5.8713 296.474 93.2639
    endloop
  endfacet
  facet normal -0.958246 -0.285537 0.0152729
    outer loop
      vertex -3.69302 -0.422599 40.324
      vertex -3.74106 -0.298998 39.6207
      vertex -3.5362 -0.992476 39.5089
    endloop
  endfacet
  facet normal -0.924221 -0.320094 0.208218
    outer loop
      vertex -3.30883 -1.22335 40.7984
      vertex -3.49762 -0.5462 41.0014
      vertex -3.49133 -1.10791 40.1658
    endloop
  endfacet
  facet normal 0.932381 -0.353618 0.0749724
    outer loop
      vertex 210.299 -0.664398 3.98401
      vertex 210.059 -1.33374 3.81168
      vertex 210.4 -0.5462 3.28544
    endloop
  endfacet
  facet normal 0.981094 -0.155227 0.115583
    outer loop
      vertex 210.498 0.167674 3.41232
      vertex 210.299 -0.664398 3.98401
      vertex 210.4 -0.5462 3.28544
    endloop
  endfacet
  facet normal 0.981097 -0.155501 0.115186
    outer loop
      vertex 210.395 0.046834 4.12649
      vertex 210.299 -0.664398 3.98401
      vertex 210.498 0.167674 3.41232
    endloop
  endfacet
  facet normal 0.930134 -0.188661 0.315053
    outer loop
      vertex 210.395 0.046834 4.12649
      vertex 210.143 -0.063201 4.80458
      vertex 210.299 -0.664398 3.98401
    endloop
  endfacet
  facet normal 0.989389 -0.0537367 0.134987
    outer loop
      vertex 219.471 296.474 55.6005
      vertex 210.498 0.167674 3.41232
      vertex 219.575 296.595 54.8864
    endloop
  endfacet
  facet normal 0.989581 -0.0535099 0.133667
    outer loop
      vertex 210.498 0.167674 3.41232
      vertex 219.471 296.474 55.6005
      vertex 210.395 0.046834 4.12649
    endloop
  endfacet
  facet normal 0.0646118 -0.995805 0.0647943
    outer loop
      vertex 207.197 -3.17087 3.75539
      vertex 207.024 -3.20383 3.42135
      vertex 207.407 -3.16271 3.67139
    endloop
  endfacet
  facet normal 0.114425 -0.974826 0.191365
    outer loop
      vertex 207.407 -3.16271 3.67139
      vertex 207.149 -3.102 4.13492
      vertex 207.197 -3.17087 3.75539
    endloop
  endfacet
  facet normal 0.475234 -0.863596 0.168388
    outer loop
      vertex 208.765 -2.56967 4.27207
      vertex 208.287 -2.91683 3.84066
      vertex 209.025 -2.50649 3.86231
    endloop
  endfacet
  facet normal 0.475278 -0.863653 0.16797
    outer loop
      vertex 209.025 -2.50649 3.86231
      vertex 208.287 -2.91683 3.84066
      vertex 208.481 -2.86962 3.53447
    endloop
  endfacet
  facet normal 0.39852 -0.878102 0.264798
    outer loop
      vertex 208.424 -2.61965 4.61996
      vertex 208.032 -2.95417 4.10061
      vertex 208.287 -2.91683 3.84066
    endloop
  endfacet
  facet normal 0.30392 -0.88878 0.343079
    outer loop
      vertex 208.424 -2.61965 4.61996
      vertex 207.728 -2.98001 4.30297
      vertex 208.032 -2.95417 4.10061
    endloop
  endfacet
  facet normal -0.00185492 -0.786332 0.617802
    outer loop
      vertex -0.171512 -2.22096 42.2847
      vertex -0.220776 -2.6719 41.7106
      vertex 0.0746098 -2.464 41.9761
    endloop
  endfacet
  facet normal 0.0961284 -0.832795 0.545172
    outer loop
      vertex 0.0746098 -2.464 41.9761
      vertex -0.220776 -2.6719 41.7106
      vertex 207.377 -2.464 5.42314
    endloop
  endfacet
  facet normal -0.0480724 -0.783493 0.619538
    outer loop
      vertex -0.171512 -2.22096 42.2847
      vertex -0.709812 -2.65423 41.695
      vertex -0.220776 -2.6719 41.7106
    endloop
  endfacet
  facet normal -0.0474926 -0.637633 0.768875
    outer loop
      vertex -0.171512 -2.22096 42.2847
      vertex -0.79551 -1.63596 42.7313
      vertex -0.762784 -2.19959 42.2659
    endloop
  endfacet
  facet normal 0.0876086 -0.863401 0.496853
    outer loop
      vertex 207.269 -2.85174 4.81205
      vertex -0.220776 -2.6719 41.7106
      vertex -0.0331402 -2.85174 41.365
    endloop
  endfacet
  facet normal -0.0430385 -0.895638 0.442697
    outer loop
      vertex -0.220776 -2.6719 41.7106
      vertex -0.273484 -2.99322 41.0554
      vertex -0.0331402 -2.85174 41.365
    endloop
  endfacet
  facet normal 0.194769 -0.895481 0.400223
    outer loop
      vertex 208.018 -2.65423 4.89076
      vertex 207.563 -2.6719 5.07265
      vertex 207.728 -2.98001 4.30297
    endloop
  endfacet
  facet normal 0.514256 -0.761609 0.394325
    outer loop
      vertex 208.754 -2.15778 5.08166
      vertex 208.424 -2.61965 4.61996
      vertex 209.166 -2.09736 4.66105
    endloop
  endfacet
  facet normal -0.678502 -0.69694 0.232185
    outer loop
      vertex -2.32208 -2.43287 40.7046
      vertex -2.98853 -1.83419 40.5541
      vertex -2.55071 -2.35201 40.2792
    endloop
  endfacet
  facet normal -0.591801 -0.721614 0.359227
    outer loop
      vertex -2.33296 -2.02097 41.5141
      vertex -2.71211 -1.93195 41.0683
      vertex -2.32208 -2.43287 40.7046
    endloop
  endfacet
  facet normal -0.477001 -0.846436 0.236678
    outer loop
      vertex -1.60933 -2.86962 40.5791
      vertex -2.00849 -2.50649 41.0733
      vertex -1.84366 -2.8146 40.3036
    endloop
  endfacet
  facet normal -0.476991 -0.84644 0.236682
    outer loop
      vertex -2.00849 -2.50649 41.0733
      vertex -2.32208 -2.43287 40.7046
      vertex -1.84366 -2.8146 40.3036
    endloop
  endfacet
  facet normal -0.480106 -0.743496 0.465523
    outer loop
      vertex -1.62364 -2.56967 41.3693
      vertex -2.33296 -2.02097 41.5141
      vertex -2.00849 -2.50649 41.0733
    endloop
  endfacet
  facet normal -0.27982 -0.946318 0.161809
    outer loop
      vertex -1.32176 -2.91683 40.8003
      vertex -1.60933 -2.86962 40.5791
      vertex -1.15293 -3.09448 40.0533
    endloop
  endfacet
  facet normal 0.236185 -0.641605 0.729767
    outer loop
      vertex 207.832 -1.6601 6.08358
      vertex 207.468 -1.95572 5.94148
      vertex 207.713 -2.22096 5.62899
    endloop
  endfacet
  facet normal 0.606477 -0.612438 0.507056
    outer loop
      vertex 209.473 -1.52052 4.99058
      vertex 209.007 -1.58875 5.46554
      vertex 209.166 -2.09736 4.66105
    endloop
  endfacet
  facet normal 0.0321557 -0.982705 0.182363
    outer loop
      vertex -0.152536 -3.102 40.6879
      vertex -0.327332 -3.17087 40.3476
      vertex 207.149 -3.102 4.13492
    endloop
  endfacet
  facet normal 0.0527863 -0.952677 0.299365
    outer loop
      vertex 207.149 -3.102 4.13492
      vertex -0.273484 -2.99322 41.0554
      vertex -0.152536 -3.102 40.6879
    endloop
  endfacet
  facet normal -0.396982 -0.612237 0.683792
    outer loop
      vertex -1.44338 -1.58875 42.5737
      vertex -2.04313 -1.52052 42.2866
      vertex -1.86765 -2.09736 41.872
    endloop
  endfacet
  facet normal -0.397037 -0.612196 0.683796
    outer loop
      vertex -1.44338 -1.58875 42.5737
      vertex -1.86765 -2.09736 41.872
      vertex -1.33652 -2.15778 42.1263
    endloop
  endfacet
  facet normal -0.440538 -0.14048 0.886674
    outer loop
      vertex -2.16115 -0.157623 42.7833
      vertex 7.57162 296.195 94.5716
      vertex 6.91511 296.27 94.2573
    endloop
  endfacet
  facet normal -0.440484 -0.140487 0.8867
    outer loop
      vertex 7.57162 296.195 94.5716
      vertex -2.16115 -0.157623 42.7833
      vertex -1.50464 -0.232306 43.0976
    endloop
  endfacet
  facet normal 0.028404 0.984637 0.172286
    outer loop
      vertex 6.91511 296.27 94.2573
      vertex 5.52963 296.595 92.6283
      vertex 6.33996 296.364 93.8149
    endloop
  endfacet
  facet normal -0.617423 -0.116194 0.778003
    outer loop
      vertex 6.33996 296.364 93.8149
      vertex -2.16115 -0.157623 42.7833
      vertex 6.91511 296.27 94.2573
    endloop
  endfacet
  facet normal -0.617475 -0.116185 0.777962
    outer loop
      vertex 6.33996 296.364 93.8149
      vertex -2.7363 -0.063201 42.3409
      vertex -2.16115 -0.157623 42.7833
    endloop
  endfacet
  facet normal -0.441232 -0.242088 0.864122
    outer loop
      vertex -1.50464 -0.232306 43.0976
      vertex -2.16115 -0.157623 42.7833
      vertex -1.50024 -0.93744 42.9023
    endloop
  endfacet
  facet normal -0.0404772 -0.271311 0.96164
    outer loop
      vertex -0.0646038 -0.310403 43.2934
      vertex -0.806561 -0.987989 43.071
      vertex -0.0916805 -1.01383 43.0938
    endloop
  endfacet
  facet normal -0.040465 -0.271323 0.961637
    outer loop
      vertex -0.795456 -0.283985 43.2701
      vertex -0.806561 -0.987989 43.071
      vertex -0.0646038 -0.310403 43.2934
    endloop
  endfacet
  facet normal 0.161151 -0.372506 0.913931
    outer loop
      vertex 0.284655 -0.670693 43.1673
      vertex -0.0916805 -1.01383 43.0938
      vertex 207.915 -1.01383 6.41657
    endloop
  endfacet
  facet normal 0.161135 -0.372728 0.913843
    outer loop
      vertex 207.587 -0.670693 6.61436
      vertex 0.284655 -0.670693 43.1673
      vertex 207.915 -1.01383 6.41657
    endloop
  endfacet
  facet normal 0.255556 -0.46855 0.845667
    outer loop
      vertex 207.915 -1.01383 6.41657
      vertex 207.539 -1.34911 6.34443
      vertex 207.832 -1.6601 6.08358
    endloop
  endfacet
  facet normal 0.160858 -0.376681 0.91227
    outer loop
      vertex 207.915 -1.01383 6.41657
      vertex 0.237058 -1.34911 42.8974
      vertex 207.539 -1.34911 6.34443
    endloop
  endfacet
  facet normal 0.144767 -0.552251 0.821013
    outer loop
      vertex 207.539 -1.34911 6.34443
      vertex -0.127844 -1.6601 42.7526
      vertex 207.832 -1.6601 6.08358
    endloop
  endfacet
  facet normal 0.144776 -0.55217 0.821065
    outer loop
      vertex 0.237058 -1.34911 42.8974
      vertex -0.127844 -1.6601 42.7526
      vertex 207.539 -1.34911 6.34443
    endloop
  endfacet
  facet normal 0.122814 -0.706952 0.696517
    outer loop
      vertex 0.166008 -1.95572 42.4944
      vertex -0.171512 -2.22096 42.2847
      vertex 207.131 -2.22096 5.73178
    endloop
  endfacet
  facet normal 0.11828 -0.732142 0.670804
    outer loop
      vertex 207.131 -2.22096 5.73178
      vertex -0.171512 -2.22096 42.2847
      vertex 207.377 -2.464 5.42314
    endloop
  endfacet
  facet normal -0.550437 -0.591166 0.589527
    outer loop
      vertex -2.04313 -1.52052 42.2866
      vertex -2.56856 -1.43427 41.8825
      vertex -1.86765 -2.09736 41.872
    endloop
  endfacet
  facet normal -0.428395 -0.436461 0.791189
    outer loop
      vertex -1.44338 -1.58875 42.5737
      vertex -2.14241 -0.864389 42.5948
      vertex -2.04313 -1.52052 42.2866
    endloop
  endfacet
  facet normal -0.850214 -0.353848 0.389779
    outer loop
      vertex -3.16341 -0.664398 41.6231
      vertex -3.49762 -0.5462 41.0014
      vertex -2.9967 -1.33374 41.3791
    endloop
  endfacet
  facet normal -0.739469 -0.385387 0.551962
    outer loop
      vertex -2.70499 -0.77203 42.1621
      vertex -3.16341 -0.664398 41.6231
      vertex -2.9967 -1.33374 41.3791
    endloop
  endfacet
  facet normal -0.924234 -0.320068 0.2082
    outer loop
      vertex -3.49762 -0.5462 41.0014
      vertex -3.69302 -0.422599 40.324
      vertex -3.49133 -1.10791 40.1658
    endloop
  endfacet
  facet normal -0.848871 -0.506116 0.152527
    outer loop
      vertex -2.98853 -1.83419 40.5541
      vertex -3.30883 -1.22335 40.7984
      vertex -3.15014 -1.73196 39.9939
    endloop
  endfacet
  facet normal -0.882127 -0.15578 0.444505
    outer loop
      vertex -3.20496 0.046834 41.7899
      vertex -3.54663 0.167674 41.1542
      vertex -3.16341 -0.664398 41.6231
    endloop
  endfacet
  facet normal -0.883784 -0.0536528 0.464809
    outer loop
      vertex 5.52963 296.595 92.6283
      vertex -3.54663 0.167674 41.1542
      vertex -3.20496 0.046834 41.7899
    endloop
  endfacet
  facet normal 0.798269 -0.566046 0.205814
    outer loop
      vertex 209.828 -1.43427 4.43115
      vertex 209.685 -1.93195 3.61703
      vertex 210.059 -1.33374 3.81168
    endloop
  endfacet
  facet normal 0.842839 -0.537235 0.031636
    outer loop
      vertex 210.059 -1.33374 3.81168
      vertex 209.685 -1.93195 3.61703
      vertex 209.769 -1.83419 3.03926
    endloop
  endfacet
  facet normal 0.0159186 -0.995813 0.0900134
    outer loop
      vertex 207.197 -3.17087 3.75539
      vertex 206.975 -3.17087 3.79465
      vertex 207.024 -3.20383 3.42135
    endloop
  endfacet
  facet normal 0.032257 -0.982695 0.182401
    outer loop
      vertex 207.149 -3.102 4.13492
      vertex 206.975 -3.17087 3.79465
      vertex 207.197 -3.17087 3.75539
    endloop
  endfacet
  facet normal 0.610747 -0.743305 0.272921
    outer loop
      vertex 209.166 -2.09736 4.66105
      vertex 208.765 -2.56967 4.27207
      vertex 209.025 -2.50649 3.86231
    endloop
  endfacet
  facet normal 0.51418 -0.761522 0.394592
    outer loop
      vertex 209.166 -2.09736 4.66105
      vertex 208.424 -2.61965 4.61996
      vertex 208.765 -2.56967 4.27207
    endloop
  endfacet
  facet normal 0.0876515 -0.863359 0.496919
    outer loop
      vertex 207.563 -2.6719 5.07265
      vertex 207.081 -2.6719 5.15767
      vertex 207.269 -2.85174 4.81205
    endloop
  endfacet
  facet normal 0.0961422 -0.83287 0.545054
    outer loop
      vertex 207.377 -2.464 5.42314
      vertex 207.081 -2.6719 5.15767
      vertex 207.563 -2.6719 5.07265
    endloop
  endfacet
  facet normal -0.781399 -0.536943 0.317975
    outer loop
      vertex -2.71211 -1.93195 41.0683
      vertex -2.9967 -1.33374 41.3791
      vertex -2.98853 -1.83419 40.5541
    endloop
  endfacet
  facet normal -0.6785 -0.696922 0.232244
    outer loop
      vertex -2.71211 -1.93195 41.0683
      vertex -2.98853 -1.83419 40.5541
      vertex -2.32208 -2.43287 40.7046
    endloop
  endfacet
  facet normal -0.0982433 -0.994812 0.0264218
    outer loop
      vertex -0.278358 -3.20383 39.9743
      vertex -0.772326 -3.14674 40.2871
      vertex -0.530492 -3.18893 39.5978
    endloop
  endfacet
  facet normal -0.162542 -0.986702 -4.05815e-08
    outer loop
      vertex -1.14861 -3.09519 0
      vertex -1.15293 -3.09448 40.0533
      vertex -1.15292 -3.09448 0
    endloop
  endfacet
  facet normal -0.162013 -0.986789 1.80178e-08
    outer loop
      vertex -1.15293 -3.09448 40.0533
      vertex -1.14861 -3.09519 0
      vertex -0.975201 -3.12366 40.1899
    endloop
  endfacet
  facet normal -0.279751 -0.946335 0.161829
    outer loop
      vertex -0.975201 -3.12366 40.1899
      vertex -1.32176 -2.91683 40.8003
      vertex -1.15293 -3.09448 40.0533
    endloop
  endfacet
  facet normal -0.202058 -0.775133 0.598616
    outer loop
      vertex -0.709812 -2.65423 41.695
      vertex -1.33652 -2.15778 42.1263
      vertex -1.18435 -2.61965 41.5796
    endloop
  endfacet
  facet normal -0.388635 -0.920769 0.0338627
    outer loop
      vertex -1.84366 -2.8146 40.3036
      vertex -2.0145 -2.75418 39.9858
      vertex -1.40334 -3.02314 39.6866
    endloop
  endfacet
  facet normal -0.388635 -0.920769 0.0338626
    outer loop
      vertex -1.29776 -3.06048 39.883
      vertex -1.84366 -2.8146 40.3036
      vertex -1.40334 -3.02314 39.6866
    endloop
  endfacet
  facet normal 0.468343 -0.627905 0.621603
    outer loop
      vertex 208.453 -1.63596 5.83526
      vertex 208.263 -2.19959 5.40907
      vertex 209.007 -1.58875 5.46554
    endloop
  endfacet
  facet normal 0.394967 -0.775094 0.493183
    outer loop
      vertex 208.263 -2.19959 5.40907
      vertex 208.018 -2.65423 4.89076
      vertex 208.424 -2.61965 4.61996
    endloop
  endfacet
  facet normal 0.21693 0.976187 -0.000107867
    outer loop
      vertex 218.975 296.97 0
      vertex 218.515 297.078 52.2882
      vertex 218.984 296.968 0
    endloop
  endfacet
  facet normal 0.228345 0.97358 -0
    outer loop
      vertex 218.984 296.968 0
      vertex 218.515 297.078 52.2882
      vertex 218.984 296.968 52.8392
    endloop
  endfacet
  facet normal 0.331088 0.9436 -0
    outer loop
      vertex 219.326 296.848 0
      vertex 218.984 296.968 0
      vertex 219.326 296.848 53.4749
    endloop
  endfacet
  facet normal 0.536056 0.844182 -0
    outer loop
      vertex 219.326 296.848 0
      vertex 219.326 296.848 53.4749
      vertex 219.526 296.721 54.1673
    endloop
  endfacet
  facet normal -0.241709 -0.453822 0.857684
    outer loop
      vertex -0.79551 -1.63596 42.7313
      vertex -1.50024 -0.93744 42.9023
      vertex -1.44338 -1.58875 42.5737
    endloop
  endfacet
  facet normal -0.0480161 -0.783521 0.619507
    outer loop
      vertex -0.171512 -2.22096 42.2847
      vertex -0.762784 -2.19959 42.2659
      vertex -0.709812 -2.65423 41.695
    endloop
  endfacet
  facet normal -0.767342 -0.0868291 0.635332
    outer loop
      vertex 6.33996 296.364 93.8149
      vertex -3.20496 0.046834 41.7899
      vertex -2.7363 -0.063201 42.3409
    endloop
  endfacet
  facet normal -0.766318 -0.188756 0.614107
    outer loop
      vertex -2.7363 -0.063201 42.3409
      vertex -3.20496 0.046834 41.7899
      vertex -2.70499 -0.77203 42.1621
    endloop
  endfacet
  facet normal -0.441302 -0.242155 0.864068
    outer loop
      vertex -1.50024 -0.93744 42.9023
      vertex -2.16115 -0.157623 42.7833
      vertex -2.14241 -0.864389 42.5948
    endloop
  endfacet
  facet normal -0.617236 -0.217991 0.755976
    outer loop
      vertex -2.16115 -0.157623 42.7833
      vertex -2.70499 -0.77203 42.1621
      vertex -2.14241 -0.864389 42.5948
    endloop
  endfacet
  facet normal -0.246065 -0.260174 0.933682
    outer loop
      vertex -0.795456 -0.283985 43.2701
      vertex -1.50464 -0.232306 43.0976
      vertex -0.806561 -0.987989 43.071
    endloop
  endfacet
  facet normal -0.244448 -0.158627 0.9566
    outer loop
      vertex -1.50464 -0.232306 43.0976
      vertex 8.2808 296.143 94.7442
      vertex 7.57162 296.195 94.5716
    endloop
  endfacet
  facet normal -0.244253 -0.158642 0.956647
    outer loop
      vertex 8.2808 296.143 94.7442
      vertex -1.50464 -0.232306 43.0976
      vertex -0.795456 -0.283985 43.2701
    endloop
  endfacet
  facet normal 0.122836 -0.706832 0.696635
    outer loop
      vertex 207.468 -1.95572 5.94148
      vertex 0.166008 -1.95572 42.4944
      vertex 207.131 -2.22096 5.73178
    endloop
  endfacet
  facet normal 0.143114 -0.566359 0.811638
    outer loop
      vertex 207.832 -1.6601 6.08358
      vertex 0.166008 -1.95572 42.4944
      vertex 207.468 -1.95572 5.94148
    endloop
  endfacet
  facet normal -0.93182 -0.36292 1.85155e-06
    outer loop
      vertex -3.49132 -1.10791 0
      vertex -3.5362 -0.992476 39.5089
      vertex -3.49243 -1.10506 0
    endloop
  endfacet
  facet normal -0.932061 -0.3623 -2.32054e-07
    outer loop
      vertex -3.5362 -0.992476 39.5089
      vertex -3.49132 -1.10791 0
      vertex -3.49133 -1.10791 40.1658
    endloop
  endfacet
  facet normal -0.877455 -0.47966 9.56583e-07
    outer loop
      vertex -3.15014 -1.73196 39.9939
      vertex -3.49132 -1.10791 0
      vertex -3.483 -1.12313 0
    endloop
  endfacet
  facet normal -0.877423 -0.479718 -2.1845e-07
    outer loop
      vertex -3.49132 -1.10791 0
      vertex -3.15014 -1.73196 39.9939
      vertex -3.49133 -1.10791 40.1658
    endloop
  endfacet
  facet normal 0.0321698 -0.98269 0.182444
    outer loop
      vertex 207.149 -3.102 4.13492
      vertex -0.327332 -3.17087 40.3476
      vertex 206.975 -3.17087 3.79465
    endloop
  endfacet
  facet normal 0.0158707 -0.995815 0.0900073
    outer loop
      vertex 206.975 -3.17087 3.79465
      vertex -0.327332 -3.17087 40.3476
      vertex 207.024 -3.20383 3.42135
    endloop
  endfacet
  facet normal -0.736438 -0.670478 0.0900979
    outer loop
      vertex -2.98853 -1.83419 40.5541
      vertex -3.15014 -1.73196 39.9939
      vertex -2.68438 -2.26746 39.8159
    endloop
  endfacet
  facet normal -0.736426 -0.67049 0.0901103
    outer loop
      vertex -2.55071 -2.35201 40.2792
      vertex -2.98853 -1.83419 40.5541
      vertex -2.68438 -2.26746 39.8159
    endloop
  endfacet
  facet normal -0.341072 -0.934321 0.103511
    outer loop
      vertex -1.60933 -2.86962 40.5791
      vertex -1.84366 -2.8146 40.3036
      vertex -1.15293 -3.09448 40.0533
    endloop
  endfacet
  facet normal -0.341068 -0.934321 0.103523
    outer loop
      vertex -1.15293 -3.09448 40.0533
      vertex -1.84366 -2.8146 40.3036
      vertex -1.29776 -3.06048 39.883
    endloop
  endfacet
  facet normal -0.127374 -0.963657 0.234819
    outer loop
      vertex -0.63891 -2.98001 41.0437
      vertex -0.993501 -2.95417 40.9574
      vertex -0.772326 -3.14674 40.2871
    endloop
  endfacet
  facet normal -0.38858 -0.863758 0.320823
    outer loop
      vertex -1.32176 -2.91683 40.8003
      vertex -2.00849 -2.50649 41.0733
      vertex -1.60933 -2.86962 40.5791
    endloop
  endfacet
  facet normal -0.207486 -0.956247 0.206256
    outer loop
      vertex -0.993501 -2.95417 40.9574
      vertex -1.32176 -2.91683 40.8003
      vertex -0.772326 -3.14674 40.2871
    endloop
  endfacet
  facet normal -0.348273 -0.76161 0.546494
    outer loop
      vertex -1.33652 -2.15778 42.1263
      vertex -1.62364 -2.56967 41.3693
      vertex -1.18435 -2.61965 41.5796
    endloop
  endfacet
  facet normal 0.307224 -0.637691 0.706373
    outer loop
      vertex 208.453 -1.63596 5.83526
      vertex 207.713 -2.22096 5.62899
      vertex 208.263 -2.19959 5.40907
    endloop
  endfacet
  facet normal 0.256718 -0.78349 0.565897
    outer loop
      vertex 208.263 -2.19959 5.40907
      vertex 207.713 -2.22096 5.62899
      vertex 208.018 -2.65423 4.89076
    endloop
  endfacet
  facet normal -0.226859 -0.627911 0.744489
    outer loop
      vertex -0.79551 -1.63596 42.7313
      vertex -1.44338 -1.58875 42.5737
      vertex -0.762784 -2.19959 42.2659
    endloop
  endfacet
  facet normal -0.226899 -0.627937 0.744454
    outer loop
      vertex -0.762784 -2.19959 42.2659
      vertex -1.44338 -1.58875 42.5737
      vertex -1.33652 -2.15778 42.1263
    endloop
  endfacet
  facet normal -0.0843212 -0.995258 0.0484889
    outer loop
      vertex -0.553179 -3.16271 40.3404
      vertex -0.772326 -3.14674 40.2871
      vertex -0.278358 -3.20383 39.9743
    endloop
  endfacet
  facet normal -0.0386209 -0.995813 0.0828571
    outer loop
      vertex -0.327332 -3.17087 40.3476
      vertex -0.553179 -3.16271 40.3404
      vertex -0.278358 -3.20383 39.9743
    endloop
  endfacet
  facet normal -0.0422014 -0.97482 0.218961
    outer loop
      vertex -0.152536 -3.102 40.6879
      vertex -0.553179 -3.16271 40.3404
      vertex -0.327332 -3.17087 40.3476
    endloop
  endfacet
  facet normal -0.127336 -0.963664 0.234814
    outer loop
      vertex -0.63891 -2.98001 41.0437
      vertex -0.772326 -3.14674 40.2871
      vertex -0.553179 -3.16271 40.3404
    endloop
  endfacet
  facet normal 0.123011 -0.706942 0.696492
    outer loop
      vertex 207.468 -1.95572 5.94148
      vertex 207.131 -2.22096 5.73178
      vertex 207.713 -2.22096 5.62899
    endloop
  endfacet
  facet normal 0.118488 -0.732034 0.670885
    outer loop
      vertex 207.713 -2.22096 5.62899
      vertex 207.131 -2.22096 5.73178
      vertex 207.377 -2.464 5.42314
    endloop
  endfacet
  facet normal 0.468166 -0.627718 0.621925
    outer loop
      vertex 209.007 -1.58875 5.46554
      vertex 208.263 -2.19959 5.40907
      vertex 208.754 -2.15778 5.08166
    endloop
  endfacet
  facet normal 0.394874 -0.775139 0.493188
    outer loop
      vertex 208.754 -2.15778 5.08166
      vertex 208.263 -2.19959 5.40907
      vertex 208.424 -2.61965 4.61996
    endloop
  endfacet
  facet normal -0.0645783 -0.967743 0.243524
    outer loop
      vertex -0.152536 -3.102 40.6879
      vertex -0.63891 -2.98001 41.0437
      vertex -0.553179 -3.16271 40.3404
    endloop
  endfacet
  facet normal -0.0434249 -0.96177 0.270392
    outer loop
      vertex -0.273484 -2.99322 41.0554
      vertex -0.63891 -2.98001 41.0437
      vertex -0.152536 -3.102 40.6879
    endloop
  endfacet
  facet normal -0.284196 -0.878087 0.384962
    outer loop
      vertex -1.18435 -2.61965 41.5796
      vertex -1.62364 -2.56967 41.3693
      vertex -1.32176 -2.91683 40.8003
    endloop
  endfacet
  facet normal -0.388571 -0.863755 0.320843
    outer loop
      vertex -1.62364 -2.56967 41.3693
      vertex -2.00849 -2.50649 41.0733
      vertex -1.32176 -2.91683 40.8003
    endloop
  endfacet
  facet normal 0 0 -1
    outer loop
      vertex 14.15 249.4 0
      vertex 12.65 249.4 0
      vertex 14.15 257.4 0
    endloop
  endfacet
  facet normal 0 0 -1
    outer loop
      vertex 17.85 257.4 0
      vertex 14.15 257.4 0
      vertex 17.85 288.4 0
    endloop
  endfacet
  facet normal 0 0 -1
    outer loop
      vertex 182.55 229.4 0
      vertex 27.95 229.4 0
      vertex 29.45 237.4 0
    endloop
  endfacet
  facet normal 0 -0 -1
    outer loop
      vertex 14.15 229.4 0
      vertex 102.05 61.8 0
      vertex -3.79552 0.420395 0
    endloop
  endfacet
  facet normal 0 0 -1
    outer loop
      vertex 14.15 229.4 0
      vertex 12.65 237.4 0
      vertex 14.15 237.4 0
    endloop
  endfacet
  facet normal 0 0 -1
    outer loop
      vertex 102.05 61.8 0
      vertex 14.15 229.4 0
      vertex 27.95 229.4 0
    endloop
  endfacet
  facet normal 0 0 -1
    outer loop
      vertex 5.05796 289.572 0
      vertex 12.65 249.4 0
      vertex 12.65 237.4 0
    endloop
  endfacet
  facet normal 0 0 -1
    outer loop
      vertex 12.65 249.4 0
      vertex 5.05796 289.572 0
      vertex 8.17815 297.329 0
    endloop
  endfacet
  facet normal 0 0 -1
    outer loop
      vertex 8.17815 297.329 0
      vertex 5.05796 289.572 0
      vertex 7.82114 297.326 0
    endloop
  endfacet
  facet normal 0 0 -1
    outer loop
      vertex 7.82114 297.326 0
      vertex 5.05796 289.572 0
      vertex 7.14232 297.299 0
    endloop
  endfacet
  facet normal 0 0 -1
    outer loop
      vertex 7.14232 297.299 0
      vertex 5.05796 289.572 0
      vertex 6.53493 297.248 0
    endloop
  endfacet
  facet normal 0 0 -1
    outer loop
      vertex 6.53493 297.248 0
      vertex 5.05796 289.572 0
      vertex 6.52928 297.247 0
    endloop
  endfacet
  facet normal 0 -0 -1
    outer loop
      vertex 5.28073 296.848 0
      vertex 6.52928 297.247 0
      vertex 5.05796 289.572 0
    endloop
  endfacet
  facet normal 0 0 -1
    outer loop
      vertex 6.52928 297.247 0
      vertex 5.28073 296.848 0
      vertex 6.02551 297.173 0
    endloop
  endfacet
  facet normal 0 0 -1
    outer loop
      vertex 6.02551 297.173 0
      vertex 5.28073 296.848 0
      vertex 5.64065 297.079 0
    endloop
  endfacet
  facet normal 0 0 -1
    outer loop
      vertex 5.64065 297.079 0
      vertex 5.28073 296.848 0
      vertex 5.63634 297.078 0
    endloop
  endfacet
  facet normal 0 0 -1
    outer loop
      vertex 5.63634 297.078 0
      vertex 5.28073 296.848 0
      vertex 5.38717 296.97 0
    endloop
  endfacet
  facet normal 0 0 -1
    outer loop
      vertex 5.38717 296.97 0
      vertex 5.28073 296.848 0
      vertex 5.3844 296.968 0
    endloop
  endfacet
  facet normal -0 0 -1
    outer loop
      vertex 14.15 229.4 0
      vertex -3.79552 0.420395 0
      vertex 12.65 237.4 0
    endloop
  endfacet
  facet normal 0 0 -1
    outer loop
      vertex -3.79552 0.420395 0
      vertex 46.6082 -3.20383 0
      vertex -0.278351 -3.20383 0
    endloop
  endfacet
  facet normal 0 0 -1
    outer loop
      vertex -3.79418 0.402685 0
      vertex -0.278351 -3.20383 0
      vertex -0.282734 -3.20359 0
    endloop
  endfacet
  facet normal 0 0 -1
    outer loop
      vertex -3.79418 0.402685 0
      vertex -0.282734 -3.20359 0
      vertex -0.45636 -3.19432 0
    endloop
  endfacet
  facet normal 0 0 -1
    outer loop
      vertex -3.79418 0.402685 0
      vertex -0.45636 -3.19432 0
      vertex -0.458186 -3.19419 0
    endloop
  endfacet
  facet normal 0 0 -1
    outer loop
      vertex -0.532179 -3.18873 0
      vertex -0.458186 -3.19419 0
      vertex -0.530487 -3.18892 0
    endloop
  endfacet
  facet normal 0 0 -1
    outer loop
      vertex -0.599106 -3.18111 0
      vertex -0.458186 -3.19419 0
      vertex -0.532179 -3.18873 0
    endloop
  endfacet
  facet normal 0 0 -1
    outer loop
      vertex -0.458186 -3.19419 0
      vertex -0.599106 -3.18111 0
      vertex -3.79418 0.402685 0
    endloop
  endfacet
  facet normal 0 0 -1
    outer loop
      vertex -3.79418 0.402685 0
      vertex -0.599106 -3.18111 0
      vertex -0.965918 -3.12507 0
    endloop
  endfacet
  facet normal 0 0 -1
    outer loop
      vertex -2.12835 -2.68062 0
      vertex -0.965918 -3.12507 0
      vertex -0.97519 -3.12366 0
    endloop
  endfacet
  facet normal 0 0 -1
    outer loop
      vertex -1.40334 -3.02313 0
      vertex -0.97519 -3.12366 0
      vertex -1.14861 -3.09519 0
    endloop
  endfacet
  facet normal 0 0 -1
    outer loop
      vertex -1.15647 -3.09365 0
      vertex -1.14861 -3.09519 0
      vertex -1.15292 -3.09448 0
    endloop
  endfacet
  facet normal 0 0 -1
    outer loop
      vertex -1.40075 -3.02405 0
      vertex -1.14861 -3.09519 0
      vertex -1.15647 -3.09365 0
    endloop
  endfacet
  facet normal 0 0 -1
    outer loop
      vertex -1.40075 -3.02405 0
      vertex -1.15647 -3.09365 0
      vertex -1.29774 -3.06047 0
    endloop
  endfacet
  facet normal 0 0 -1
    outer loop
      vertex -1.14861 -3.09519 0
      vertex -1.40075 -3.02405 0
      vertex -1.40334 -3.02313 0
    endloop
  endfacet
  facet normal 0 0 -1
    outer loop
      vertex -0.97519 -3.12366 0
      vertex -1.40334 -3.02313 0
      vertex -2.12835 -2.68062 0
    endloop
  endfacet
  facet normal 0 0 -1
    outer loop
      vertex -2.12835 -2.68062 0
      vertex -1.40334 -3.02313 0
      vertex -1.99947 -2.76079 0
    endloop
  endfacet
  facet normal 0 0 -1
    outer loop
      vertex -2.01695 -2.75263 0
      vertex -1.99947 -2.76079 0
      vertex -2.0145 -2.75418 0
    endloop
  endfacet
  facet normal 0 0 -1
    outer loop
      vertex -2.11438 -2.69099 0
      vertex -1.99947 -2.76079 0
      vertex -2.01695 -2.75263 0
    endloop
  endfacet
  facet normal 0 0 -1
    outer loop
      vertex -1.99947 -2.76079 0
      vertex -2.11438 -2.69099 0
      vertex -2.12835 -2.68062 0
    endloop
  endfacet
  facet normal 0 0 -1
    outer loop
      vertex -0.965918 -3.12507 0
      vertex -2.12835 -2.68062 0
      vertex -3.53619 -0.992463 0
    endloop
  endfacet
  facet normal 0 0 -1
    outer loop
      vertex -2.69573 -2.25438 0
      vertex -2.12835 -2.68062 0
      vertex -2.68437 -2.26744 0
    endloop
  endfacet
  facet normal 0 0 -1
    outer loop
      vertex -3.483 -1.12313 0
      vertex -2.12835 -2.68062 0
      vertex -2.69573 -2.25438 0
    endloop
  endfacet
  facet normal 0 0 -1
    outer loop
      vertex -3.483 -1.12313 0
      vertex -2.69573 -2.25438 0
      vertex -3.15013 -1.73195 0
    endloop
  endfacet
  facet normal 0 0 -1
    outer loop
      vertex -2.12835 -2.68062 0
      vertex -3.483 -1.12313 0
      vertex -3.53619 -0.992463 0
    endloop
  endfacet
  facet normal 0 0 -1
    outer loop
      vertex -3.49243 -1.10506 0
      vertex -3.483 -1.12313 0
      vertex -3.49132 -1.10791 0
    endloop
  endfacet
  facet normal 0 0 -1
    outer loop
      vertex -3.53619 -0.992463 0
      vertex -3.483 -1.12313 0
      vertex -3.49243 -1.10506 0
    endloop
  endfacet
  facet normal 0 0 -1
    outer loop
      vertex -0.965918 -3.12507 0
      vertex -3.53619 -0.992463 0
      vertex -3.79418 0.402685 0
    endloop
  endfacet
  facet normal 0 0 -1
    outer loop
      vertex -3.79418 0.402685 0
      vertex -3.53619 -0.992463 0
      vertex -3.736 -0.316115 0
    endloop
  endfacet
  facet normal 0 0 -1
    outer loop
      vertex -3.79418 0.402685 0
      vertex -3.736 -0.316115 0
      vertex -3.74106 -0.298996 0
    endloop
  endfacet
  facet normal 0 0 -1
    outer loop
      vertex -0.278351 -3.20383 0
      vertex -3.79418 0.402685 0
      vertex -3.79552 0.420395 0
    endloop
  endfacet
  facet normal -0 0 -1
    outer loop
      vertex 12.65 237.4 0
      vertex -3.79552 0.420395 0
      vertex 5.05796 289.572 0
    endloop
  endfacet
  facet normal -0 0 -1
    outer loop
      vertex 29.45 237.4 0
      vertex 27.95 229.4 0
      vertex 27.95 237.4 0
    endloop
  endfacet
  facet normal 0 0 -1
    outer loop
      vertex 98.35 22.8 0
      vertex 96.85 22.8 0
      vertex 98.35 30.8 0
    endloop
  endfacet
  facet normal 0 0 -1
    outer loop
      vertex 102.05 30.8 0
      vertex 98.35 30.8 0
      vertex 102.05 61.8 0
    endloop
  endfacet
  facet normal 0 0 -1
    outer loop
      vertex 182.55 249.4 0
      vertex 181.05 249.4 0
      vertex 182.55 257.4 0
    endloop
  endfacet
  facet normal 0 0 -1
    outer loop
      vertex 186.25 257.4 0
      vertex 182.55 257.4 0
      vertex 186.25 288.4 0
    endloop
  endfacet
  facet normal 0 0 -1
    outer loop
      vertex 219.575 296.595 0
      vertex 196.35 229.4 0
      vertex 197.85 237.4 0
    endloop
  endfacet
  facet normal 0 0 -1
    outer loop
      vertex 210.498 0.167664 0
      vertex 108.45 61.8 0
      vertex 196.35 229.4 0
    endloop
  endfacet
  facet normal 0 0 -1
    outer loop
      vertex 182.55 229.4 0
      vertex 181.05 237.4 0
      vertex 182.55 237.4 0
    endloop
  endfacet
  facet normal -0 0 -1
    outer loop
      vertex 196.35 229.4 0
      vertex 108.45 61.8 0
      vertex 182.55 229.4 0
    endloop
  endfacet
  facet normal 0 0 -1
    outer loop
      vertex 112.15 30.8 0
      vertex 207.024 -3.20383 0
      vertex 113.65 22.8 0
    endloop
  endfacet
  facet normal 0 0 -1
    outer loop
      vertex 113.65 22.8 0
      vertex 207.024 -3.20383 0
      vertex 113.65 10.8 0
    endloop
  endfacet
  facet normal 0 0 -1
    outer loop
      vertex 207.024 -3.20383 0
      vertex 112.15 2.8 0
      vertex 113.65 10.8 0
    endloop
  endfacet
  facet normal 0 0 -1
    outer loop
      vertex 46.6082 -3.20383 0
      vertex 112.15 2.8 0
      vertex 207.024 -3.20383 0
    endloop
  endfacet
  facet normal 0 0 -1
    outer loop
      vertex 98.35 2.8 0
      vertex 96.85 10.8 0
      vertex 98.35 10.8 0
    endloop
  endfacet
  facet normal -0 0 -1
    outer loop
      vertex 96.85 10.8 0
      vertex 46.6082 -3.20383 0
      vertex 96.85 22.8 0
    endloop
  endfacet
  facet normal -0 0 -1
    outer loop
      vertex 98.35 2.8 0
      vertex 46.6082 -3.20383 0
      vertex 96.85 10.8 0
    endloop
  endfacet
  facet normal -0 0 -1
    outer loop
      vertex 112.15 2.8 0
      vertex 46.6082 -3.20383 0
      vertex 98.35 2.8 0
    endloop
  endfacet
  facet normal 0 0 -1
    outer loop
      vertex 219.329 296.845 0
      vertex 219.574 296.597 0
      vertex 219.575 296.595 0
    endloop
  endfacet
  facet normal 0 0 -1
    outer loop
      vertex 219.574 296.597 0
      vertex 219.329 296.845 0
      vertex 219.526 296.721 0
    endloop
  endfacet
  facet normal 0 0 -1
    outer loop
      vertex 219.575 296.595 0
      vertex 219.326 296.848 0
      vertex 219.329 296.845 0
    endloop
  endfacet
  facet normal 0 0 -1
    outer loop
      vertex 219.575 296.595 0
      vertex 218.984 296.968 0
      vertex 219.326 296.848 0
    endloop
  endfacet
  facet normal 0 0 -1
    outer loop
      vertex 219.575 296.595 0
      vertex 218.975 296.97 0
      vertex 218.984 296.968 0
    endloop
  endfacet
  facet normal 0 0 -1
    outer loop
      vertex 219.575 296.595 0
      vertex 218.515 297.078 0
      vertex 218.975 296.97 0
    endloop
  endfacet
  facet normal 0 0 -1
    outer loop
      vertex 219.575 296.595 0
      vertex 218.505 297.08 0
      vertex 218.515 297.078 0
    endloop
  endfacet
  facet normal 0 0 -1
    outer loop
      vertex 219.575 296.595 0
      vertex 217.94 297.173 0
      vertex 218.505 297.08 0
    endloop
  endfacet
  facet normal 0 0 -1
    outer loop
      vertex 219.575 296.595 0
      vertex 217.296 297.246 0
      vertex 217.94 297.173 0
    endloop
  endfacet
  facet normal 0 0 -1
    outer loop
      vertex 219.575 296.595 0
      vertex 217.284 297.248 0
      vertex 217.296 297.246 0
    endloop
  endfacet
  facet normal 0 0 -1
    outer loop
      vertex 219.575 296.595 0
      vertex 216.575 297.299 0
      vertex 217.284 297.248 0
    endloop
  endfacet
  facet normal 0 0 -1
    outer loop
      vertex 219.575 296.595 0
      vertex 215.844 297.326 0
      vertex 216.575 297.299 0
    endloop
  endfacet
  facet normal 0 0 -1
    outer loop
      vertex 219.575 296.595 0
      vertex 215.48 297.329 0
      vertex 215.844 297.326 0
    endloop
  endfacet
  facet normal 0 0 -1
    outer loop
      vertex 196.35 229.4 0
      vertex 219.575 296.595 0
      vertex 210.498 0.167664 0
    endloop
  endfacet
  facet normal 0 0 -1
    outer loop
      vertex 207.024 -3.20383 0
      vertex 210.498 0.167664 0
      vertex 210.475 0.00108496 0
    endloop
  endfacet
  facet normal 0 0 -1
    outer loop
      vertex 210.211 -1.06533 0
      vertex 210.475 0.00108496 0
      vertex 210.4 -0.546191 0
    endloop
  endfacet
  facet normal 0 0 -1
    outer loop
      vertex 210.475 0.00108496 0
      vertex 210.211 -1.06533 0
      vertex 207.149 -3.19127 0
    endloop
  endfacet
  facet normal 0 0 -1
    outer loop
      vertex 210.058 -1.37457 0
      vertex 210.211 -1.06533 0
      vertex 210.153 -1.22334 0
    endloop
  endfacet
  facet normal 0 0 -1
    outer loop
      vertex 207.149 -3.19127 0
      vertex 210.211 -1.06533 0
      vertex 210.058 -1.37457 0
    endloop
  endfacet
  facet normal 0 0 -1
    outer loop
      vertex 209.573 -2.04557 0
      vertex 210.058 -1.37457 0
      vertex 209.769 -1.83418 0
    endloop
  endfacet
  facet normal 0 0 -1
    outer loop
      vertex 209.573 -2.04557 0
      vertex 209.769 -1.83418 0
      vertex 209.706 -1.90774 0
    endloop
  endfacet
  facet normal 0 0 -1
    outer loop
      vertex 209.573 -2.04557 0
      vertex 209.706 -1.90774 0
      vertex 209.685 -1.93195 0
    endloop
  endfacet
  facet normal 0 0 -1
    outer loop
      vertex 210.058 -1.37457 0
      vertex 209.573 -2.04557 0
      vertex 207.149 -3.19127 0
    endloop
  endfacet
  facet normal 0 0 -1
    outer loop
      vertex 209.054 -2.52385 0
      vertex 209.573 -2.04557 0
      vertex 209.194 -2.43286 0
    endloop
  endfacet
  facet normal 0 0 -1
    outer loop
      vertex 208.007 -3.04489 0
      vertex 209.573 -2.04557 0
      vertex 209.054 -2.52385 0
    endloop
  endfacet
  facet normal 0 0 -1
    outer loop
      vertex 208.511 -2.8565 0
      vertex 209.054 -2.52385 0
      vertex 208.607 -2.81459 0
    endloop
  endfacet
  facet normal 0 0 -1
    outer loop
      vertex 208.481 -2.86962 0
      vertex 209.054 -2.52385 0
      vertex 208.511 -2.8565 0
    endloop
  endfacet
  facet normal 0 0 -1
    outer loop
      vertex 208.007 -3.04489 0
      vertex 209.054 -2.52385 0
      vertex 208.481 -2.86962 0
    endloop
  endfacet
  facet normal 0 0 -1
    outer loop
      vertex 209.573 -2.04557 0
      vertex 208.007 -3.04489 0
      vertex 207.149 -3.19127 0
    endloop
  endfacet
  facet normal 0 0 -1
    outer loop
      vertex 207.845 -3.10114 0
      vertex 208.007 -3.04489 0
      vertex 207.873 -3.09448 0
    endloop
  endfacet
  facet normal 0 0 -1
    outer loop
      vertex 207.718 -3.12873 0
      vertex 208.007 -3.04489 0
      vertex 207.845 -3.10114 0
    endloop
  endfacet
  facet normal 0 0 -1
    outer loop
      vertex 207.718 -3.12873 0
      vertex 207.845 -3.10114 0
      vertex 207.752 -3.12366 0
    endloop
  endfacet
  facet normal 0 0 -1
    outer loop
      vertex 208.007 -3.04489 0
      vertex 207.718 -3.12873 0
      vertex 207.595 -3.14673 0
    endloop
  endfacet
  facet normal 0 0 -1
    outer loop
      vertex 208.007 -3.04489 0
      vertex 207.595 -3.14673 0
      vertex 207.149 -3.19127 0
    endloop
  endfacet
  facet normal 0 0 -1
    outer loop
      vertex 210.475 0.00108496 0
      vertex 207.149 -3.19127 0
      vertex 207.024 -3.20383 0
    endloop
  endfacet
  facet normal 0 0 -1
    outer loop
      vertex 112.15 30.8 0
      vertex 210.498 0.167664 0
      vertex 207.024 -3.20383 0
    endloop
  endfacet
  facet normal 0 0 -1
    outer loop
      vertex 197.85 249.4 0
      vertex 219.575 296.595 0
      vertex 197.85 237.4 0
    endloop
  endfacet
  facet normal 0 0 -1
    outer loop
      vertex 196.35 257.4 0
      vertex 219.575 296.595 0
      vertex 197.85 249.4 0
    endloop
  endfacet
  facet normal 0 0 -1
    outer loop
      vertex 196.35 257.4 0
      vertex 197.85 249.4 0
      vertex 196.35 249.4 0
    endloop
  endfacet
  facet normal -0 0 -1
    outer loop
      vertex 219.575 296.595 0
      vertex 196.35 257.4 0
      vertex 215.48 297.329 0
    endloop
  endfacet
  facet normal 0 0 -1
    outer loop
      vertex 192.65 288.4 0
      vertex 196.35 257.4 0
      vertex 192.65 257.4 0
    endloop
  endfacet
  facet normal 0 0 -1
    outer loop
      vertex 196.35 257.4 0
      vertex 192.65 288.4 0
      vertex 215.48 297.329 0
    endloop
  endfacet
  facet normal 0 0 -1
    outer loop
      vertex 186.25 288.4 0
      vertex 215.48 297.329 0
      vertex 192.65 288.4 0
    endloop
  endfacet
  facet normal 0 0 -1
    outer loop
      vertex 27.95 257.4 0
      vertex 182.55 257.4 0
      vertex 181.05 249.4 0
    endloop
  endfacet
  facet normal 0 0 -1
    outer loop
      vertex 210.498 0.167664 0
      vertex 112.15 30.8 0
      vertex 108.45 61.8 0
    endloop
  endfacet
  facet normal 0 0 -1
    outer loop
      vertex 102.05 61.8 0
      vertex 182.55 229.4 0
      vertex 108.45 61.8 0
    endloop
  endfacet
  facet normal 0 0 -1
    outer loop
      vertex 112.15 30.8 0
      vertex 113.65 22.8 0
      vertex 112.15 22.8 0
    endloop
  endfacet
  facet normal 0 0 -1
    outer loop
      vertex 182.55 229.4 0
      vertex 29.45 237.4 0
      vertex 181.05 237.4 0
    endloop
  endfacet
  facet normal 0 0 -1
    outer loop
      vertex 108.45 61.8 0
      vertex 112.15 30.8 0
      vertex 108.45 30.8 0
    endloop
  endfacet
  facet normal 0 0 -1
    outer loop
      vertex 181.05 237.4 0
      vertex 29.45 237.4 0
      vertex 181.05 249.4 0
    endloop
  endfacet
  facet normal 0 0 -1
    outer loop
      vertex 27.95 229.4 0
      vertex 182.55 229.4 0
      vertex 102.05 61.8 0
    endloop
  endfacet
  facet normal 0 0 -1
    outer loop
      vertex 46.6082 -3.20383 0
      vertex 98.35 30.8 0
      vertex 96.85 22.8 0
    endloop
  endfacet
  facet normal -0 0 -1
    outer loop
      vertex 98.35 30.8 0
      vertex 46.6082 -3.20383 0
      vertex 102.05 61.8 0
    endloop
  endfacet
  facet normal 0 0 -1
    outer loop
      vertex -3.79552 0.420395 0
      vertex 102.05 61.8 0
      vertex 46.6082 -3.20383 0
    endloop
  endfacet
  facet normal 0 0 -1
    outer loop
      vertex 29.45 249.4 0
      vertex 181.05 249.4 0
      vertex 29.45 237.4 0
    endloop
  endfacet
  facet normal 0 0 -1
    outer loop
      vertex 27.95 257.4 0
      vertex 181.05 249.4 0
      vertex 29.45 249.4 0
    endloop
  endfacet
  facet normal 0 0 -1
    outer loop
      vertex 182.55 257.4 0
      vertex 27.95 257.4 0
      vertex 186.25 288.4 0
    endloop
  endfacet
  facet normal 0 0 -1
    outer loop
      vertex 27.95 257.4 0
      vertex 29.45 249.4 0
      vertex 27.95 249.4 0
    endloop
  endfacet
  facet normal 0 0 -1
    outer loop
      vertex 24.25 288.4 0
      vertex 186.25 288.4 0
      vertex 27.95 257.4 0
    endloop
  endfacet
  facet normal 0 0 -1
    outer loop
      vertex 24.25 288.4 0
      vertex 27.95 257.4 0
      vertex 24.25 257.4 0
    endloop
  endfacet
  facet normal 0 0 -1
    outer loop
      vertex 8.17815 297.329 0
      vertex 186.25 288.4 0
      vertex 24.25 288.4 0
    endloop
  endfacet
  facet normal 0 0 -1
    outer loop
      vertex 8.17815 297.329 0
      vertex 24.25 288.4 0
      vertex 17.85 288.4 0
    endloop
  endfacet
  facet normal 0 0 -1
    outer loop
      vertex 8.17815 297.329 0
      vertex 14.15 257.4 0
      vertex 12.65 249.4 0
    endloop
  endfacet
  facet normal 0 0 -1
    outer loop
      vertex 186.25 288.4 0
      vertex 8.17815 297.329 0
      vertex 215.48 297.329 0
    endloop
  endfacet
  facet normal 0 0 -1
    outer loop
      vertex 14.15 257.4 0
      vertex 8.17815 297.329 0
      vertex 17.85 288.4 0
    endloop
  endfacet
  facet normal -0 0 -1
    outer loop
      vertex 197.85 237.4 0
      vertex 196.35 229.4 0
      vertex 196.35 237.4 0
    endloop
  endfacet
  facet normal -0 0 -1
    outer loop
      vertex 113.65 10.8 0
      vertex 112.15 2.8 0
      vertex 112.15 10.8 0
    endloop
  endfacet
  facet normal -1 0 0
    outer loop
      vertex 112.15 30.8 1.99
      vertex 112.15 33.29 5.29
      vertex 112.15 33.29 1.99
    endloop
  endfacet
  facet normal -1 -0 0
    outer loop
      vertex 112.15 33.29 5.29
      vertex 112.15 30.8 1.99
      vertex 112.15 30.8 5.29
    endloop
  endfacet
  facet normal 1 -0 0
    outer loop
      vertex 98.35 30.8 5.29
      vertex 98.35 33.29 1.99
      vertex 98.35 33.29 5.29
    endloop
  endfacet
  facet normal 1 0 0
    outer loop
      vertex 98.35 33.29 1.99
      vertex 98.35 30.8 5.29
      vertex 98.35 30.8 1.99
    endloop
  endfacet
  facet normal 0 0 -1
    outer loop
      vertex 98.35 30.8 5.29
      vertex 112.15 30.8 5.29
      vertex 112.15 2.8 5.29
    endloop
  endfacet
  facet normal 0 -0 -1
    outer loop
      vertex 110.22 35.2888 5.29
      vertex 112.15 30.8 5.29
      vertex 98.35 30.8 5.29
    endloop
  endfacet
  facet normal 0 0 -1
    outer loop
      vertex 112.15 30.8 5.29
      vertex 110.22 35.2888 5.29
      vertex 112.15 33.29 5.29
    endloop
  endfacet
  facet normal 0 0 -1
    outer loop
      vertex 112.15 33.29 5.29
      vertex 110.22 35.2888 5.29
      vertex 112.145 33.4295 5.29
    endloop
  endfacet
  facet normal 0 0 -1
    outer loop
      vertex 112.145 33.4295 5.29
      vertex 110.22 35.2888 5.29
      vertex 112.131 33.5683 5.29
    endloop
  endfacet
  facet normal 0 0 -1
    outer loop
      vertex 112.131 33.5683 5.29
      vertex 110.22 35.2888 5.29
      vertex 112.106 33.7058 5.29
    endloop
  endfacet
  facet normal 0 0 -1
    outer loop
      vertex 112.106 33.7058 5.29
      vertex 110.22 35.2888 5.29
      vertex 112.073 33.8413 5.29
    endloop
  endfacet
  facet normal 0 0 -1
    outer loop
      vertex 112.073 33.8413 5.29
      vertex 110.22 35.2888 5.29
      vertex 112.029 33.974 5.29
    endloop
  endfacet
  facet normal 0 0 -1
    outer loop
      vertex 112.029 33.974 5.29
      vertex 110.22 35.2888 5.29
      vertex 111.977 34.1035 5.29
    endloop
  endfacet
  facet normal 0 0 -1
    outer loop
      vertex 111.977 34.1035 5.29
      vertex 110.22 35.2888 5.29
      vertex 111.916 34.2289 5.29
    endloop
  endfacet
  facet normal 0 0 -1
    outer loop
      vertex 111.916 34.2289 5.29
      vertex 110.22 35.2888 5.29
      vertex 111.846 34.3498 5.29
    endloop
  endfacet
  facet normal 0 0 -1
    outer loop
      vertex 111.846 34.3498 5.29
      vertex 110.22 35.2888 5.29
      vertex 111.768 34.4656 5.29
    endloop
  endfacet
  facet normal 0 0 -1
    outer loop
      vertex 111.768 34.4656 5.29
      vertex 110.22 35.2888 5.29
      vertex 111.682 34.5756 5.29
    endloop
  endfacet
  facet normal 0 0 -1
    outer loop
      vertex 111.682 34.5756 5.29
      vertex 110.22 35.2888 5.29
      vertex 111.589 34.6793 5.29
    endloop
  endfacet
  facet normal 0 0 -1
    outer loop
      vertex 111.589 34.6793 5.29
      vertex 110.22 35.2888 5.29
      vertex 111.488 34.7763 5.29
    endloop
  endfacet
  facet normal 0 0 -1
    outer loop
      vertex 111.488 34.7763 5.29
      vertex 110.22 35.2888 5.29
      vertex 111.381 34.866 5.29
    endloop
  endfacet
  facet normal 0 0 -1
    outer loop
      vertex 111.381 34.866 5.29
      vertex 110.22 35.2888 5.29
      vertex 111.268 34.9481 5.29
    endloop
  endfacet
  facet normal 0 0 -1
    outer loop
      vertex 111.268 34.9481 5.29
      vertex 110.22 35.2888 5.29
      vertex 111.15 35.022 5.29
    endloop
  endfacet
  facet normal 0 0 -1
    outer loop
      vertex 111.15 35.022 5.29
      vertex 110.22 35.2888 5.29
      vertex 111.027 35.0876 5.29
    endloop
  endfacet
  facet normal 0 0 -1
    outer loop
      vertex 111.027 35.0876 5.29
      vertex 110.22 35.2888 5.29
      vertex 110.899 35.1444 5.29
    endloop
  endfacet
  facet normal 0 0 -1
    outer loop
      vertex 110.899 35.1444 5.29
      vertex 110.22 35.2888 5.29
      vertex 110.768 35.1921 5.29
    endloop
  endfacet
  facet normal 0 0 -1
    outer loop
      vertex 110.768 35.1921 5.29
      vertex 110.22 35.2888 5.29
      vertex 110.634 35.2306 5.29
    endloop
  endfacet
  facet normal 0 0 -1
    outer loop
      vertex 110.634 35.2306 5.29
      vertex 110.22 35.2888 5.29
      vertex 110.497 35.2596 5.29
    endloop
  endfacet
  facet normal 0 0 -1
    outer loop
      vertex 110.497 35.2596 5.29
      vertex 110.22 35.2888 5.29
      vertex 110.359 35.279 5.29
    endloop
  endfacet
  facet normal -0 0 -1
    outer loop
      vertex 110.22 35.2888 5.29
      vertex 98.35 30.8 5.29
      vertex 100.28 35.2888 5.29
    endloop
  endfacet
  facet normal 0 0 -1
    outer loop
      vertex 98.35 33.29 5.29
      vertex 100.28 35.2888 5.29
      vertex 98.35 30.8 5.29
    endloop
  endfacet
  facet normal 0 0 -1
    outer loop
      vertex 100.28 35.2888 5.29
      vertex 98.35 33.29 5.29
      vertex 100.141 35.279 5.29
    endloop
  endfacet
  facet normal 0 0 -1
    outer loop
      vertex 100.141 35.279 5.29
      vertex 98.35 33.29 5.29
      vertex 100.003 35.2596 5.29
    endloop
  endfacet
  facet normal 0 0 -1
    outer loop
      vertex 100.003 35.2596 5.29
      vertex 98.35 33.29 5.29
      vertex 99.8662 35.2306 5.29
    endloop
  endfacet
  facet normal 0 0 -1
    outer loop
      vertex 99.8662 35.2306 5.29
      vertex 98.35 33.29 5.29
      vertex 99.732 35.1921 5.29
    endloop
  endfacet
  facet normal 0 0 -1
    outer loop
      vertex 99.732 35.1921 5.29
      vertex 98.35 33.29 5.29
      vertex 99.6008 35.1444 5.29
    endloop
  endfacet
  facet normal 0 0 -1
    outer loop
      vertex 99.6008 35.1444 5.29
      vertex 98.35 33.29 5.29
      vertex 99.4733 35.0876 5.29
    endloop
  endfacet
  facet normal 0 0 -1
    outer loop
      vertex 99.4733 35.0876 5.29
      vertex 98.35 33.29 5.29
      vertex 99.35 35.022 5.29
    endloop
  endfacet
  facet normal 0 0 -1
    outer loop
      vertex 99.35 35.022 5.29
      vertex 98.35 33.29 5.29
      vertex 99.2316 34.9481 5.29
    endloop
  endfacet
  facet normal 0 0 -1
    outer loop
      vertex 99.2316 34.9481 5.29
      vertex 98.35 33.29 5.29
      vertex 99.1187 34.866 5.29
    endloop
  endfacet
  facet normal 0 0 -1
    outer loop
      vertex 99.1187 34.866 5.29
      vertex 98.35 33.29 5.29
      vertex 99.0117 34.7763 5.29
    endloop
  endfacet
  facet normal 0 0 -1
    outer loop
      vertex 99.0117 34.7763 5.29
      vertex 98.35 33.29 5.29
      vertex 98.9113 34.6793 5.29
    endloop
  endfacet
  facet normal 0 0 -1
    outer loop
      vertex 98.9113 34.6793 5.29
      vertex 98.35 33.29 5.29
      vertex 98.8179 34.5756 5.29
    endloop
  endfacet
  facet normal 0 0 -1
    outer loop
      vertex 98.8179 34.5756 5.29
      vertex 98.35 33.29 5.29
      vertex 98.732 34.4656 5.29
    endloop
  endfacet
  facet normal 0 0 -1
    outer loop
      vertex 98.732 34.4656 5.29
      vertex 98.35 33.29 5.29
      vertex 98.6539 34.3498 5.29
    endloop
  endfacet
  facet normal 0 0 -1
    outer loop
      vertex 98.6539 34.3498 5.29
      vertex 98.35 33.29 5.29
      vertex 98.5841 34.2289 5.29
    endloop
  endfacet
  facet normal 0 0 -1
    outer loop
      vertex 98.5841 34.2289 5.29
      vertex 98.35 33.29 5.29
      vertex 98.5229 34.1035 5.29
    endloop
  endfacet
  facet normal 0 0 -1
    outer loop
      vertex 98.5229 34.1035 5.29
      vertex 98.35 33.29 5.29
      vertex 98.4706 33.974 5.29
    endloop
  endfacet
  facet normal 0 0 -1
    outer loop
      vertex 98.4706 33.974 5.29
      vertex 98.35 33.29 5.29
      vertex 98.4275 33.8413 5.29
    endloop
  endfacet
  facet normal 0 0 -1
    outer loop
      vertex 98.4275 33.8413 5.29
      vertex 98.35 33.29 5.29
      vertex 98.3937 33.7058 5.29
    endloop
  endfacet
  facet normal 0 0 -1
    outer loop
      vertex 98.35 30.8 5.29
      vertex 112.15 2.8 5.29
      vertex 98.35 2.8 5.29
    endloop
  endfacet
  facet normal 0 0 -1
    outer loop
      vertex 98.3937 33.7058 5.29
      vertex 98.35 33.29 5.29
      vertex 98.3695 33.5683 5.29
    endloop
  endfacet
  facet normal 0 0 -1
    outer loop
      vertex 98.3695 33.5683 5.29
      vertex 98.35 33.29 5.29
      vertex 98.3549 33.4295 5.29
    endloop
  endfacet
  facet normal 0 0 1
    outer loop
      vertex 110.22 35.2888 1.99
      vertex 112.15 33.29 1.99
      vertex 112.145 33.4295 1.99
    endloop
  endfacet
  facet normal 0 0 1
    outer loop
      vertex 110.22 35.2888 1.99
      vertex 112.145 33.4295 1.99
      vertex 112.131 33.5683 1.99
    endloop
  endfacet
  facet normal 0 0 1
    outer loop
      vertex 110.22 35.2888 1.99
      vertex 112.131 33.5683 1.99
      vertex 112.106 33.7058 1.99
    endloop
  endfacet
  facet normal 0 0 1
    outer loop
      vertex 110.22 35.2888 1.99
      vertex 112.106 33.7058 1.99
      vertex 112.073 33.8413 1.99
    endloop
  endfacet
  facet normal 0 0 1
    outer loop
      vertex 110.22 35.2888 1.99
      vertex 112.073 33.8413 1.99
      vertex 112.029 33.974 1.99
    endloop
  endfacet
  facet normal 0 0 1
    outer loop
      vertex 110.22 35.2888 1.99
      vertex 112.029 33.974 1.99
      vertex 111.977 34.1035 1.99
    endloop
  endfacet
  facet normal 0 0 1
    outer loop
      vertex 110.22 35.2888 1.99
      vertex 111.977 34.1035 1.99
      vertex 111.916 34.2289 1.99
    endloop
  endfacet
  facet normal 0 0 1
    outer loop
      vertex 110.22 35.2888 1.99
      vertex 111.916 34.2289 1.99
      vertex 111.846 34.3498 1.99
    endloop
  endfacet
  facet normal 0 0 1
    outer loop
      vertex 110.22 35.2888 1.99
      vertex 111.846 34.3498 1.99
      vertex 111.768 34.4656 1.99
    endloop
  endfacet
  facet normal 0 0 1
    outer loop
      vertex 110.22 35.2888 1.99
      vertex 111.768 34.4656 1.99
      vertex 111.682 34.5756 1.99
    endloop
  endfacet
  facet normal 0 0 1
    outer loop
      vertex 110.22 35.2888 1.99
      vertex 111.682 34.5756 1.99
      vertex 111.589 34.6793 1.99
    endloop
  endfacet
  facet normal 0 0 1
    outer loop
      vertex 110.22 35.2888 1.99
      vertex 111.589 34.6793 1.99
      vertex 111.488 34.7763 1.99
    endloop
  endfacet
  facet normal 0 0 1
    outer loop
      vertex 110.22 35.2888 1.99
      vertex 111.488 34.7763 1.99
      vertex 111.381 34.866 1.99
    endloop
  endfacet
  facet normal 0 0 1
    outer loop
      vertex 110.22 35.2888 1.99
      vertex 111.381 34.866 1.99
      vertex 111.268 34.9481 1.99
    endloop
  endfacet
  facet normal 0 0 1
    outer loop
      vertex 110.22 35.2888 1.99
      vertex 111.268 34.9481 1.99
      vertex 111.15 35.022 1.99
    endloop
  endfacet
  facet normal 0 0 1
    outer loop
      vertex 110.22 35.2888 1.99
      vertex 111.15 35.022 1.99
      vertex 111.027 35.0876 1.99
    endloop
  endfacet
  facet normal 0 0 1
    outer loop
      vertex 110.22 35.2888 1.99
      vertex 111.027 35.0876 1.99
      vertex 110.899 35.1444 1.99
    endloop
  endfacet
  facet normal 0 0 1
    outer loop
      vertex 110.22 35.2888 1.99
      vertex 110.899 35.1444 1.99
      vertex 110.768 35.1921 1.99
    endloop
  endfacet
  facet normal 0 0 1
    outer loop
      vertex 110.22 35.2888 1.99
      vertex 110.768 35.1921 1.99
      vertex 110.634 35.2306 1.99
    endloop
  endfacet
  facet normal 0 0 1
    outer loop
      vertex 110.22 35.2888 1.99
      vertex 110.634 35.2306 1.99
      vertex 110.497 35.2596 1.99
    endloop
  endfacet
  facet normal 0 0 1
    outer loop
      vertex 110.22 35.2888 1.99
      vertex 110.497 35.2596 1.99
      vertex 110.359 35.279 1.99
    endloop
  endfacet
  facet normal 0 0 1
    outer loop
      vertex 112.15 33.29 1.99
      vertex 110.22 35.2888 1.99
      vertex 112.15 30.8 1.99
    endloop
  endfacet
  facet normal -0 0 1
    outer loop
      vertex 100.28 35.2888 1.99
      vertex 112.15 30.8 1.99
      vertex 110.22 35.2888 1.99
    endloop
  endfacet
  facet normal 0 0 1
    outer loop
      vertex 98.35 33.29 1.99
      vertex 100.28 35.2888 1.99
      vertex 100.141 35.279 1.99
    endloop
  endfacet
  facet normal 0 0 1
    outer loop
      vertex 98.35 33.29 1.99
      vertex 100.141 35.279 1.99
      vertex 100.003 35.2596 1.99
    endloop
  endfacet
  facet normal 0 0 1
    outer loop
      vertex 98.35 33.29 1.99
      vertex 100.003 35.2596 1.99
      vertex 99.8662 35.2306 1.99
    endloop
  endfacet
  facet normal 0 0 1
    outer loop
      vertex 98.35 33.29 1.99
      vertex 99.8662 35.2306 1.99
      vertex 99.732 35.1921 1.99
    endloop
  endfacet
  facet normal 0 0 1
    outer loop
      vertex 98.35 33.29 1.99
      vertex 99.732 35.1921 1.99
      vertex 99.6008 35.1444 1.99
    endloop
  endfacet
  facet normal 0 0 1
    outer loop
      vertex 98.35 33.29 1.99
      vertex 99.6008 35.1444 1.99
      vertex 99.4733 35.0876 1.99
    endloop
  endfacet
  facet normal 0 0 1
    outer loop
      vertex 98.35 33.29 1.99
      vertex 99.4733 35.0876 1.99
      vertex 99.35 35.022 1.99
    endloop
  endfacet
  facet normal 0 0 1
    outer loop
      vertex 98.35 33.29 1.99
      vertex 99.35 35.022 1.99
      vertex 99.2316 34.9481 1.99
    endloop
  endfacet
  facet normal 0 0 1
    outer loop
      vertex 98.35 33.29 1.99
      vertex 99.2316 34.9481 1.99
      vertex 99.1187 34.866 1.99
    endloop
  endfacet
  facet normal 0 0 1
    outer loop
      vertex 98.35 33.29 1.99
      vertex 99.1187 34.866 1.99
      vertex 99.0117 34.7763 1.99
    endloop
  endfacet
  facet normal 0 0 1
    outer loop
      vertex 98.35 33.29 1.99
      vertex 99.0117 34.7763 1.99
      vertex 98.9113 34.6793 1.99
    endloop
  endfacet
  facet normal 0 0 1
    outer loop
      vertex 98.35 33.29 1.99
      vertex 98.9113 34.6793 1.99
      vertex 98.8179 34.5756 1.99
    endloop
  endfacet
  facet normal 0 0 1
    outer loop
      vertex 98.35 33.29 1.99
      vertex 98.8179 34.5756 1.99
      vertex 98.732 34.4656 1.99
    endloop
  endfacet
  facet normal 0 0 1
    outer loop
      vertex 98.35 33.29 1.99
      vertex 98.732 34.4656 1.99
      vertex 98.6539 34.3498 1.99
    endloop
  endfacet
  facet normal 0 0 1
    outer loop
      vertex 98.35 33.29 1.99
      vertex 98.6539 34.3498 1.99
      vertex 98.5841 34.2289 1.99
    endloop
  endfacet
  facet normal 0 0 1
    outer loop
      vertex 98.35 33.29 1.99
      vertex 98.5841 34.2289 1.99
      vertex 98.5229 34.1035 1.99
    endloop
  endfacet
  facet normal 0 0 1
    outer loop
      vertex 98.35 33.29 1.99
      vertex 98.5229 34.1035 1.99
      vertex 98.4706 33.974 1.99
    endloop
  endfacet
  facet normal 0 0 1
    outer loop
      vertex 98.35 33.29 1.99
      vertex 98.4706 33.974 1.99
      vertex 98.4275 33.8413 1.99
    endloop
  endfacet
  facet normal 0 0 1
    outer loop
      vertex 98.35 33.29 1.99
      vertex 98.4275 33.8413 1.99
      vertex 98.3937 33.7058 1.99
    endloop
  endfacet
  facet normal 0 0 1
    outer loop
      vertex 98.35 33.29 1.99
      vertex 98.3937 33.7058 1.99
      vertex 98.3695 33.5683 1.99
    endloop
  endfacet
  facet normal 0 0 1
    outer loop
      vertex 98.35 33.29 1.99
      vertex 98.3695 33.5683 1.99
      vertex 98.3549 33.4295 1.99
    endloop
  endfacet
  facet normal 0 0 1
    outer loop
      vertex 100.28 35.2888 1.99
      vertex 98.35 33.29 1.99
      vertex 98.35 30.8 1.99
    endloop
  endfacet
  facet normal 0 0 1
    outer loop
      vertex 100.28 35.2888 1.99
      vertex 98.35 30.8 1.99
      vertex 112.15 30.8 1.99
    endloop
  endfacet
  facet normal 0.070329 -0.997524 0
    outer loop
      vertex 100.141 35.279 1.99
      vertex 100.28 35.2888 5.29
      vertex 100.141 35.279 5.29
    endloop
  endfacet
  facet normal 0.070329 -0.997524 0
    outer loop
      vertex 100.28 35.2888 5.29
      vertex 100.141 35.279 1.99
      vertex 100.28 35.2888 1.99
    endloop
  endfacet
  facet normal 0.341686 -0.939814 0
    outer loop
      vertex 99.6008 35.1444 1.99
      vertex 99.732 35.1921 5.29
      vertex 99.6008 35.1444 5.29
    endloop
  endfacet
  facet normal 0.341686 -0.939814 0
    outer loop
      vertex 99.732 35.1921 5.29
      vertex 99.6008 35.1444 1.99
      vertex 99.732 35.1921 1.99
    endloop
  endfacet
  facet normal -0.98387 -0.178885 0
    outer loop
      vertex 112.131 33.5683 1.99
      vertex 112.106 33.7058 5.29
      vertex 112.106 33.7058 1.99
    endloop
  endfacet
  facet normal -0.98387 -0.178885 0
    outer loop
      vertex 112.106 33.7058 5.29
      vertex 112.131 33.5683 1.99
      vertex 112.131 33.5683 5.29
    endloop
  endfacet
  facet normal 0.951092 -0.308908 0
    outer loop
      vertex 98.4275 33.8413 5.29
      vertex 98.4706 33.974 1.99
      vertex 98.4706 33.974 5.29
    endloop
  endfacet
  facet normal 0.951092 -0.308908 0
    outer loop
      vertex 98.4706 33.974 1.99
      vertex 98.4275 33.8413 5.29
      vertex 98.4275 33.8413 1.99
    endloop
  endfacet
  facet normal 0.743045 -0.669242 0
    outer loop
      vertex 98.8179 34.5756 5.29
      vertex 98.9113 34.6793 1.99
      vertex 98.9113 34.6793 5.29
    endloop
  endfacet
  facet normal 0.743045 -0.669242 0
    outer loop
      vertex 98.9113 34.6793 1.99
      vertex 98.8179 34.5756 5.29
      vertex 98.8179 34.5756 1.99
    endloop
  endfacet
  facet normal -0.971601 -0.236626 0
    outer loop
      vertex 112.106 33.7058 1.99
      vertex 112.073 33.8413 5.29
      vertex 112.073 33.8413 1.99
    endloop
  endfacet
  facet normal -0.971601 -0.236626 0
    outer loop
      vertex 112.073 33.8413 5.29
      vertex 112.106 33.7058 1.99
      vertex 112.106 33.7058 5.29
    endloop
  endfacet
  facet normal 0.469696 -0.882828 0
    outer loop
      vertex 99.35 35.022 1.99
      vertex 99.4733 35.0876 5.29
      vertex 99.35 35.022 5.29
    endloop
  endfacet
  facet normal 0.469696 -0.882828 0
    outer loop
      vertex 99.4733 35.0876 5.29
      vertex 99.35 35.022 1.99
      vertex 99.4733 35.0876 1.99
    endloop
  endfacet
  facet normal 0.642436 -0.766339 0
    outer loop
      vertex 99.0117 34.7763 1.99
      vertex 99.1187 34.866 5.29
      vertex 99.0117 34.7763 5.29
    endloop
  endfacet
  facet normal 0.642436 -0.766339 0
    outer loop
      vertex 99.1187 34.866 5.29
      vertex 99.0117 34.7763 1.99
      vertex 99.1187 34.866 1.99
    endloop
  endfacet
  facet normal 0.694825 -0.719179 0
    outer loop
      vertex 98.9113 34.6793 1.99
      vertex 99.0117 34.7763 5.29
      vertex 98.9113 34.6793 5.29
    endloop
  endfacet
  facet normal 0.694825 -0.719179 0
    outer loop
      vertex 99.0117 34.7763 5.29
      vertex 98.9113 34.6793 1.99
      vertex 99.0117 34.7763 1.99
    endloop
  endfacet
  facet normal -0.139211 -0.990263 0
    outer loop
      vertex 110.359 35.279 1.99
      vertex 110.497 35.2596 5.29
      vertex 110.359 35.279 5.29
    endloop
  endfacet
  facet normal -0.139211 -0.990263 -0
    outer loop
      vertex 110.497 35.2596 5.29
      vertex 110.359 35.279 1.99
      vertex 110.497 35.2596 1.99
    endloop
  endfacet
  facet normal 0.829064 -0.559153 0
    outer loop
      vertex 98.6539 34.3498 5.29
      vertex 98.732 34.4656 1.99
      vertex 98.732 34.4656 5.29
    endloop
  endfacet
  facet normal 0.829064 -0.559153 0
    outer loop
      vertex 98.732 34.4656 1.99
      vertex 98.6539 34.3498 5.29
      vertex 98.6539 34.3498 1.99
    endloop
  endfacet
  facet normal -0.89925 -0.437434 0
    outer loop
      vertex 111.977 34.1035 1.99
      vertex 111.916 34.2289 5.29
      vertex 111.916 34.2289 1.99
    endloop
  endfacet
  facet normal -0.89925 -0.437434 0
    outer loop
      vertex 111.916 34.2289 5.29
      vertex 111.977 34.1035 1.99
      vertex 111.977 34.1035 5.29
    endloop
  endfacet
  facet normal 0.139211 -0.990263 0
    outer loop
      vertex 100.003 35.2596 1.99
      vertex 100.141 35.279 5.29
      vertex 100.003 35.2596 5.29
    endloop
  endfacet
  facet normal 0.139211 -0.990263 0
    outer loop
      vertex 100.141 35.279 5.29
      vertex 100.003 35.2596 1.99
      vertex 100.141 35.279 1.99
    endloop
  endfacet
  facet normal 0.970269 -0.24203 0
    outer loop
      vertex 98.3937 33.7058 5.29
      vertex 98.4275 33.8413 1.99
      vertex 98.4275 33.8413 5.29
    endloop
  endfacet
  facet normal 0.970269 -0.24203 0
    outer loop
      vertex 98.4275 33.8413 1.99
      vertex 98.3937 33.7058 5.29
      vertex 98.3937 33.7058 1.99
    endloop
  endfacet
  facet normal -0.276142 -0.961117 0
    outer loop
      vertex 110.634 35.2306 1.99
      vertex 110.768 35.1921 5.29
      vertex 110.634 35.2306 5.29
    endloop
  endfacet
  facet normal -0.276142 -0.961117 -0
    outer loop
      vertex 110.768 35.1921 5.29
      vertex 110.634 35.2306 1.99
      vertex 110.768 35.1921 1.99
    endloop
  endfacet
  facet normal 0 -1 0
    outer loop
      vertex 100.28 35.2888 1.99
      vertex 110.22 35.2888 5.29
      vertex 100.28 35.2888 5.29
    endloop
  endfacet
  facet normal 0 -1 -0
    outer loop
      vertex 110.22 35.2888 5.29
      vertex 100.28 35.2888 1.99
      vertex 110.22 35.2888 1.99
    endloop
  endfacet
  facet normal -0.530773 -0.847514 0
    outer loop
      vertex 111.15 35.022 1.99
      vertex 111.268 34.9481 5.29
      vertex 111.15 35.022 5.29
    endloop
  endfacet
  facet normal -0.530773 -0.847514 -0
    outer loop
      vertex 111.268 34.9481 5.29
      vertex 111.15 35.022 1.99
      vertex 111.268 34.9481 1.99
    endloop
  endfacet
  facet normal -0.86541 -0.501064 0
    outer loop
      vertex 111.916 34.2289 1.99
      vertex 111.846 34.3498 5.29
      vertex 111.846 34.3498 1.99
    endloop
  endfacet
  facet normal -0.86541 -0.501064 0
    outer loop
      vertex 111.846 34.3498 5.29
      vertex 111.916 34.2289 1.99
      vertex 111.916 34.2289 5.29
    endloop
  endfacet
  facet normal 0.999384 -0.0351038 0
    outer loop
      vertex 98.35 33.29 5.29
      vertex 98.3549 33.4295 1.99
      vertex 98.3549 33.4295 5.29
    endloop
  endfacet
  facet normal 0.999384 -0.0351038 0
    outer loop
      vertex 98.3549 33.4295 1.99
      vertex 98.35 33.29 5.29
      vertex 98.35 33.29 1.99
    endloop
  endfacet
  facet normal 0.275762 -0.961226 0
    outer loop
      vertex 99.732 35.1921 1.99
      vertex 99.8662 35.2306 5.29
      vertex 99.732 35.1921 5.29
    endloop
  endfacet
  facet normal 0.275762 -0.961226 0
    outer loop
      vertex 99.8662 35.2306 5.29
      vertex 99.732 35.1921 1.99
      vertex 99.8662 35.2306 1.99
    endloop
  endfacet
  facet normal -0.949183 -0.314725 0
    outer loop
      vertex 112.073 33.8413 1.99
      vertex 112.029 33.974 5.29
      vertex 112.029 33.974 1.99
    endloop
  endfacet
  facet normal -0.949183 -0.314725 0
    outer loop
      vertex 112.029 33.974 5.29
      vertex 112.073 33.8413 1.99
      vertex 112.073 33.8413 5.29
    endloop
  endfacet
  facet normal 0.788155 -0.615477 0
    outer loop
      vertex 98.732 34.4656 5.29
      vertex 98.8179 34.5756 1.99
      vertex 98.8179 34.5756 5.29
    endloop
  endfacet
  facet normal 0.788155 -0.615477 0
    outer loop
      vertex 98.8179 34.5756 1.99
      vertex 98.732 34.4656 5.29
      vertex 98.732 34.4656 1.99
    endloop
  endfacet
  facet normal -0.587789 -0.809015 0
    outer loop
      vertex 111.268 34.9481 1.99
      vertex 111.381 34.866 5.29
      vertex 111.268 34.9481 5.29
    endloop
  endfacet
  facet normal -0.587789 -0.809015 -0
    outer loop
      vertex 111.381 34.866 5.29
      vertex 111.268 34.9481 1.99
      vertex 111.381 34.866 1.99
    endloop
  endfacet
  facet normal -0.070329 -0.997524 0
    outer loop
      vertex 110.22 35.2888 1.99
      vertex 110.359 35.279 5.29
      vertex 110.22 35.2888 5.29
    endloop
  endfacet
  facet normal -0.070329 -0.997524 -0
    outer loop
      vertex 110.359 35.279 5.29
      vertex 110.22 35.2888 1.99
      vertex 110.359 35.279 1.99
    endloop
  endfacet
  facet normal 0.994513 -0.10461 0
    outer loop
      vertex 98.3549 33.4295 5.29
      vertex 98.3695 33.5683 1.99
      vertex 98.3695 33.5683 5.29
    endloop
  endfacet
  facet normal 0.994513 -0.10461 0
    outer loop
      vertex 98.3695 33.5683 1.99
      vertex 98.3549 33.4295 5.29
      vertex 98.3549 33.4295 1.99
    endloop
  endfacet
  facet normal -0.994952 -0.100355 0
    outer loop
      vertex 112.145 33.4295 1.99
      vertex 112.131 33.5683 5.29
      vertex 112.131 33.5683 1.99
    endloop
  endfacet
  facet normal -0.994952 -0.100355 0
    outer loop
      vertex 112.131 33.5683 5.29
      vertex 112.145 33.4295 1.99
      vertex 112.145 33.4295 5.29
    endloop
  endfacet
  facet normal 0.20738 -0.978261 0
    outer loop
      vertex 99.8662 35.2306 1.99
      vertex 100.003 35.2596 5.29
      vertex 99.8662 35.2306 5.29
    endloop
  endfacet
  facet normal 0.20738 -0.978261 0
    outer loop
      vertex 100.003 35.2596 5.29
      vertex 99.8662 35.2306 1.99
      vertex 100.003 35.2596 1.99
    endloop
  endfacet
  facet normal 0.406936 -0.913457 0
    outer loop
      vertex 99.4733 35.0876 1.99
      vertex 99.6008 35.1444 5.29
      vertex 99.4733 35.0876 5.29
    endloop
  endfacet
  facet normal 0.406936 -0.913457 0
    outer loop
      vertex 99.6008 35.1444 5.29
      vertex 99.4733 35.0876 1.99
      vertex 99.6008 35.1444 1.99
    endloop
  endfacet
  facet normal 0.866031 -0.499991 0
    outer loop
      vertex 98.5841 34.2289 5.29
      vertex 98.6539 34.3498 1.99
      vertex 98.6539 34.3498 5.29
    endloop
  endfacet
  facet normal 0.866031 -0.499991 0
    outer loop
      vertex 98.6539 34.3498 1.99
      vertex 98.5841 34.2289 5.29
      vertex 98.5841 34.2289 1.99
    endloop
  endfacet
  facet normal 0.529484 -0.84832 0
    outer loop
      vertex 99.2316 34.9481 1.99
      vertex 99.35 35.022 5.29
      vertex 99.2316 34.9481 5.29
    endloop
  endfacet
  facet normal 0.529484 -0.84832 0
    outer loop
      vertex 99.35 35.022 5.29
      vertex 99.2316 34.9481 1.99
      vertex 99.35 35.022 1.99
    endloop
  endfacet
  facet normal -0.642436 -0.766339 0
    outer loop
      vertex 111.381 34.866 1.99
      vertex 111.488 34.7763 5.29
      vertex 111.381 34.866 5.29
    endloop
  endfacet
  facet normal -0.642436 -0.766339 -0
    outer loop
      vertex 111.488 34.7763 5.29
      vertex 111.381 34.866 1.99
      vertex 111.488 34.7763 1.99
    endloop
  endfacet
  facet normal -0.744471 -0.667655 0
    outer loop
      vertex 111.682 34.5756 1.99
      vertex 111.589 34.6793 5.29
      vertex 111.589 34.6793 1.99
    endloop
  endfacet
  facet normal -0.744471 -0.667655 0
    outer loop
      vertex 111.589 34.6793 5.29
      vertex 111.682 34.5756 1.99
      vertex 111.682 34.5756 5.29
    endloop
  endfacet
  facet normal -0.20709 -0.978322 0
    outer loop
      vertex 110.497 35.2596 1.99
      vertex 110.634 35.2306 5.29
      vertex 110.497 35.2596 5.29
    endloop
  endfacet
  facet normal -0.20709 -0.978322 -0
    outer loop
      vertex 110.634 35.2306 5.29
      vertex 110.497 35.2596 1.99
      vertex 110.634 35.2306 1.99
    endloop
  endfacet
  facet normal -0.470588 -0.882353 0
    outer loop
      vertex 111.027 35.0876 1.99
      vertex 111.15 35.022 5.29
      vertex 111.027 35.0876 5.29
    endloop
  endfacet
  facet normal -0.470588 -0.882353 -0
    outer loop
      vertex 111.15 35.022 5.29
      vertex 111.027 35.0876 1.99
      vertex 111.15 35.022 1.99
    endloop
  endfacet
  facet normal -0.405608 -0.914047 0
    outer loop
      vertex 110.899 35.1444 1.99
      vertex 111.027 35.0876 5.29
      vertex 110.899 35.1444 5.29
    endloop
  endfacet
  facet normal -0.405608 -0.914047 -0
    outer loop
      vertex 111.027 35.0876 5.29
      vertex 110.899 35.1444 1.99
      vertex 111.027 35.0876 1.99
    endloop
  endfacet
  facet normal 0.984863 -0.173336 0
    outer loop
      vertex 98.3695 33.5683 5.29
      vertex 98.3937 33.7058 1.99
      vertex 98.3937 33.7058 5.29
    endloop
  endfacet
  facet normal 0.984863 -0.173336 0
    outer loop
      vertex 98.3937 33.7058 1.99
      vertex 98.3695 33.5683 5.29
      vertex 98.3695 33.5683 1.99
    endloop
  endfacet
  facet normal 0.588129 -0.808767 0
    outer loop
      vertex 99.1187 34.866 1.99
      vertex 99.2316 34.9481 5.29
      vertex 99.1187 34.866 5.29
    endloop
  endfacet
  facet normal 0.588129 -0.808767 0
    outer loop
      vertex 99.2316 34.9481 5.29
      vertex 99.1187 34.866 1.99
      vertex 99.2316 34.9481 1.99
    endloop
  endfacet
  facet normal -0.69268 -0.721245 0
    outer loop
      vertex 111.488 34.7763 1.99
      vertex 111.589 34.6793 5.29
      vertex 111.488 34.7763 5.29
    endloop
  endfacet
  facet normal -0.69268 -0.721245 -0
    outer loop
      vertex 111.589 34.6793 5.29
      vertex 111.488 34.7763 1.99
      vertex 111.589 34.6793 1.99
    endloop
  endfacet
  facet normal -0.342146 -0.939647 0
    outer loop
      vertex 110.768 35.1921 1.99
      vertex 110.899 35.1444 5.29
      vertex 110.768 35.1921 5.29
    endloop
  endfacet
  facet normal -0.342146 -0.939647 -0
    outer loop
      vertex 110.899 35.1444 5.29
      vertex 110.768 35.1921 1.99
      vertex 110.899 35.1444 1.99
    endloop
  endfacet
  facet normal -0.999358 -0.0358193 0
    outer loop
      vertex 112.15 33.29 1.99
      vertex 112.145 33.4295 5.29
      vertex 112.145 33.4295 1.99
    endloop
  endfacet
  facet normal -0.999358 -0.0358193 0
    outer loop
      vertex 112.145 33.4295 5.29
      vertex 112.15 33.29 1.99
      vertex 112.15 33.29 5.29
    endloop
  endfacet
  facet normal -0.927982 -0.372626 0
    outer loop
      vertex 112.029 33.974 1.99
      vertex 111.977 34.1035 5.29
      vertex 111.977 34.1035 1.99
    endloop
  endfacet
  facet normal -0.927982 -0.372626 0
    outer loop
      vertex 111.977 34.1035 5.29
      vertex 112.029 33.974 1.99
      vertex 112.029 33.974 5.29
    endloop
  endfacet
  facet normal -0.787807 -0.615922 0
    outer loop
      vertex 111.768 34.4656 1.99
      vertex 111.682 34.5756 5.29
      vertex 111.682 34.5756 1.99
    endloop
  endfacet
  facet normal -0.787807 -0.615922 0
    outer loop
      vertex 111.682 34.5756 5.29
      vertex 111.768 34.4656 1.99
      vertex 111.768 34.4656 5.29
    endloop
  endfacet
  facet normal 0.927237 -0.374475 0
    outer loop
      vertex 98.4706 33.974 5.29
      vertex 98.5229 34.1035 1.99
      vertex 98.5229 34.1035 5.29
    endloop
  endfacet
  facet normal 0.927237 -0.374475 0
    outer loop
      vertex 98.5229 34.1035 1.99
      vertex 98.4706 33.974 5.29
      vertex 98.4706 33.974 1.99
    endloop
  endfacet
  facet normal 0.898686 -0.438593 0
    outer loop
      vertex 98.5229 34.1035 5.29
      vertex 98.5841 34.2289 1.99
      vertex 98.5841 34.2289 5.29
    endloop
  endfacet
  facet normal 0.898686 -0.438593 0
    outer loop
      vertex 98.5841 34.2289 1.99
      vertex 98.5229 34.1035 5.29
      vertex 98.5229 34.1035 1.99
    endloop
  endfacet
  facet normal -0.829396 -0.558661 0
    outer loop
      vertex 111.846 34.3498 1.99
      vertex 111.768 34.4656 5.29
      vertex 111.768 34.4656 1.99
    endloop
  endfacet
  facet normal -0.829396 -0.558661 0
    outer loop
      vertex 111.768 34.4656 5.29
      vertex 111.846 34.3498 1.99
      vertex 111.846 34.3498 5.29
    endloop
  endfacet
  facet normal -1 0 0
    outer loop
      vertex 112.15 10.8 0
      vertex 112.15 2.8 0
      vertex 112.15 10.8 2.99
    endloop
  endfacet
  facet normal -1 0 0
    outer loop
      vertex 112.15 22.8 2.99
      vertex 112.15 30.8 0
      vertex 112.15 22.8 0
    endloop
  endfacet
  facet normal -1 0 0
    outer loop
      vertex 112.15 30.8 0
      vertex 112.15 22.8 2.99
      vertex 112.15 30.8 5.29
    endloop
  endfacet
  facet normal -1 0 0
    outer loop
      vertex 112.15 10.8 2.99
      vertex 112.15 30.8 5.29
      vertex 112.15 22.8 2.99
    endloop
  endfacet
  facet normal -1 0 0
    outer loop
      vertex 112.15 10.8 2.99
      vertex 112.15 2.8 5.29
      vertex 112.15 30.8 5.29
    endloop
  endfacet
  facet normal -1 0 0
    outer loop
      vertex 112.15 2.8 5.29
      vertex 112.15 10.8 2.99
      vertex 112.15 2.8 0
    endloop
  endfacet
  facet normal 0 -1 0
    outer loop
      vertex 98.35 30.8 1.99
      vertex 102.05 30.8 1.39
      vertex 112.15 30.8 1.99
    endloop
  endfacet
  facet normal 0 -1 0
    outer loop
      vertex 98.35 30.8 0
      vertex 102.05 30.8 1.39
      vertex 98.35 30.8 1.99
    endloop
  endfacet
  facet normal 0 -1 -0
    outer loop
      vertex 102.05 30.8 1.39
      vertex 98.35 30.8 0
      vertex 102.05 30.8 0
    endloop
  endfacet
  facet normal 0 -1 0
    outer loop
      vertex 108.45 30.8 1.39
      vertex 112.15 30.8 1.99
      vertex 102.05 30.8 1.39
    endloop
  endfacet
  facet normal 0 -1 0
    outer loop
      vertex 112.15 30.8 0
      vertex 108.45 30.8 1.39
      vertex 108.45 30.8 0
    endloop
  endfacet
  facet normal 0 -1 0
    outer loop
      vertex 108.45 30.8 1.39
      vertex 112.15 30.8 0
      vertex 112.15 30.8 1.99
    endloop
  endfacet
  facet normal -0 0 0
    outer loop
      vertex 98.35 30.8 1.99
      vertex 98.35 30.8 5.29
      vertex 98.35 30.8 0
    endloop
  endfacet
  facet normal 0 -0 0
    outer loop
      vertex 112.15 30.8 1.99
      vertex 112.15 30.8 0
      vertex 112.15 30.8 5.29
    endloop
  endfacet
  facet normal 0 1 -0
    outer loop
      vertex 112.15 2.8 0
      vertex 98.35 2.8 5.29
      vertex 112.15 2.8 5.29
    endloop
  endfacet
  facet normal 0 1 0
    outer loop
      vertex 98.35 2.8 5.29
      vertex 112.15 2.8 0
      vertex 98.35 2.8 0
    endloop
  endfacet
  facet normal 1 0 0
    outer loop
      vertex 98.35 30.8 5.29
      vertex 98.35 22.8 2.99
      vertex 98.35 30.8 0
    endloop
  endfacet
  facet normal 1 0 0
    outer loop
      vertex 98.35 30.8 5.29
      vertex 98.35 10.8 2.99
      vertex 98.35 22.8 2.99
    endloop
  endfacet
  facet normal 1 -0 0
    outer loop
      vertex 98.35 2.8 5.29
      vertex 98.35 10.8 2.99
      vertex 98.35 30.8 5.29
    endloop
  endfacet
  facet normal 1 0 0
    outer loop
      vertex 98.35 2.8 0
      vertex 98.35 10.8 2.99
      vertex 98.35 2.8 5.29
    endloop
  endfacet
  facet normal 1 0 0
    outer loop
      vertex 98.35 10.8 2.99
      vertex 98.35 2.8 0
      vertex 98.35 10.8 0
    endloop
  endfacet
  facet normal 1 0 0
    outer loop
      vertex 98.35 30.8 0
      vertex 98.35 22.8 2.99
      vertex 98.35 22.8 0
    endloop
  endfacet
  facet normal -1 0 0
    outer loop
      vertex 113.65 10.8 0
      vertex 113.65 22.8 2.99
      vertex 113.65 22.8 0
    endloop
  endfacet
  facet normal -1 -0 0
    outer loop
      vertex 113.65 22.8 2.99
      vertex 113.65 10.8 0
      vertex 113.65 10.8 2.99
    endloop
  endfacet
  facet normal 0 -1 0
    outer loop
      vertex 96.85 22.8 0
      vertex 98.35 22.8 2.99
      vertex 96.85 22.8 2.99
    endloop
  endfacet
  facet normal 0 -1 -0
    outer loop
      vertex 98.35 22.8 2.99
      vertex 96.85 22.8 0
      vertex 98.35 22.8 0
    endloop
  endfacet
  facet normal 0 -1 0
    outer loop
      vertex 112.15 22.8 0
      vertex 113.65 22.8 2.99
      vertex 112.15 22.8 2.99
    endloop
  endfacet
  facet normal 0 -1 -0
    outer loop
      vertex 113.65 22.8 2.99
      vertex 112.15 22.8 0
      vertex 113.65 22.8 0
    endloop
  endfacet
  facet normal 0 1 -0
    outer loop
      vertex 113.65 10.8 0
      vertex 112.15 10.8 2.99
      vertex 113.65 10.8 2.99
    endloop
  endfacet
  facet normal 0 1 0
    outer loop
      vertex 112.15 10.8 2.99
      vertex 113.65 10.8 0
      vertex 112.15 10.8 0
    endloop
  endfacet
  facet normal 0 1 -0
    outer loop
      vertex 98.35 10.8 0
      vertex 96.85 10.8 2.99
      vertex 98.35 10.8 2.99
    endloop
  endfacet
  facet normal 0 1 0
    outer loop
      vertex 96.85 10.8 2.99
      vertex 98.35 10.8 0
      vertex 96.85 10.8 0
    endloop
  endfacet
  facet normal 1 -0 0
    outer loop
      vertex 96.85 10.8 2.99
      vertex 96.85 22.8 0
      vertex 96.85 22.8 2.99
    endloop
  endfacet
  facet normal 1 0 0
    outer loop
      vertex 96.85 22.8 0
      vertex 96.85 10.8 2.99
      vertex 96.85 10.8 0
    endloop
  endfacet
  facet normal 0 0 -1
    outer loop
      vertex 96.85 10.8 2.99
      vertex 98.35 22.8 2.99
      vertex 98.35 10.8 2.99
    endloop
  endfacet
  facet normal -0 0 -1
    outer loop
      vertex 98.35 22.8 2.99
      vertex 96.85 10.8 2.99
      vertex 96.85 22.8 2.99
    endloop
  endfacet
  facet normal 0 0 -1
    outer loop
      vertex 112.15 10.8 2.99
      vertex 113.65 22.8 2.99
      vertex 113.65 10.8 2.99
    endloop
  endfacet
  facet normal -0 0 -1
    outer loop
      vertex 113.65 22.8 2.99
      vertex 112.15 10.8 2.99
      vertex 112.15 22.8 2.99
    endloop
  endfacet
  facet normal -1 0 0
    outer loop
      vertex 108.45 30.8 0
      vertex 108.45 61.8 1.39
      vertex 108.45 61.8 0
    endloop
  endfacet
  facet normal -1 -0 0
    outer loop
      vertex 108.45 61.8 1.39
      vertex 108.45 30.8 0
      vertex 108.45 30.8 1.39
    endloop
  endfacet
  facet normal 0 -1 0
    outer loop
      vertex 102.05 61.8 0
      vertex 108.45 61.8 1.39
      vertex 102.05 61.8 1.39
    endloop
  endfacet
  facet normal 0 -1 -0
    outer loop
      vertex 108.45 61.8 1.39
      vertex 102.05 61.8 0
      vertex 108.45 61.8 0
    endloop
  endfacet
  facet normal 1 -0 0
    outer loop
      vertex 102.05 30.8 1.39
      vertex 102.05 61.8 0
      vertex 102.05 61.8 1.39
    endloop
  endfacet
  facet normal 1 0 0
    outer loop
      vertex 102.05 61.8 0
      vertex 102.05 30.8 1.39
      vertex 102.05 30.8 0
    endloop
  endfacet
  facet normal 0 0 -1
    outer loop
      vertex 102.05 30.8 1.39
      vertex 108.45 61.8 1.39
      vertex 108.45 30.8 1.39
    endloop
  endfacet
  facet normal -0 0 -1
    outer loop
      vertex 108.45 61.8 1.39
      vertex 102.05 30.8 1.39
      vertex 102.05 61.8 1.39
    endloop
  endfacet
  facet normal -1 0 0
    outer loop
      vertex 27.95 257.4 1.99
      vertex 27.95 259.89 5.29
      vertex 27.95 259.89 1.99
    endloop
  endfacet
  facet normal -1 -0 0
    outer loop
      vertex 27.95 259.89 5.29
      vertex 27.95 257.4 1.99
      vertex 27.95 257.4 5.29
    endloop
  endfacet
  facet normal 1 -0 0
    outer loop
      vertex 14.15 257.4 5.29
      vertex 14.15 259.89 1.99
      vertex 14.15 259.89 5.29
    endloop
  endfacet
  facet normal 1 0 0
    outer loop
      vertex 14.15 259.89 1.99
      vertex 14.15 257.4 5.29
      vertex 14.15 257.4 1.99
    endloop
  endfacet
  facet normal 0 0 -1
    outer loop
      vertex 14.15 257.4 5.29
      vertex 27.95 257.4 5.29
      vertex 27.95 229.4 5.29
    endloop
  endfacet
  facet normal 0 -0 -1
    outer loop
      vertex 26.0198 261.889 5.29
      vertex 27.95 257.4 5.29
      vertex 14.15 257.4 5.29
    endloop
  endfacet
  facet normal 0 0 -1
    outer loop
      vertex 27.95 257.4 5.29
      vertex 26.0198 261.889 5.29
      vertex 27.95 259.89 5.29
    endloop
  endfacet
  facet normal 0 0 -1
    outer loop
      vertex 27.95 259.89 5.29
      vertex 26.0198 261.889 5.29
      vertex 27.9451 260.03 5.29
    endloop
  endfacet
  facet normal 0 0 -1
    outer loop
      vertex 27.9451 260.03 5.29
      vertex 26.0198 261.889 5.29
      vertex 27.9305 260.168 5.29
    endloop
  endfacet
  facet normal 0 0 -1
    outer loop
      vertex 27.9305 260.168 5.29
      vertex 26.0198 261.889 5.29
      vertex 27.9063 260.306 5.29
    endloop
  endfacet
  facet normal 0 0 -1
    outer loop
      vertex 27.9063 260.306 5.29
      vertex 26.0198 261.889 5.29
      vertex 27.8725 260.441 5.29
    endloop
  endfacet
  facet normal 0 0 -1
    outer loop
      vertex 27.8725 260.441 5.29
      vertex 26.0198 261.889 5.29
      vertex 27.8294 260.574 5.29
    endloop
  endfacet
  facet normal 0 0 -1
    outer loop
      vertex 27.8294 260.574 5.29
      vertex 26.0198 261.889 5.29
      vertex 27.7771 260.703 5.29
    endloop
  endfacet
  facet normal 0 0 -1
    outer loop
      vertex 27.7771 260.703 5.29
      vertex 26.0198 261.889 5.29
      vertex 27.7159 260.829 5.29
    endloop
  endfacet
  facet normal 0 0 -1
    outer loop
      vertex 27.7159 260.829 5.29
      vertex 26.0198 261.889 5.29
      vertex 27.6461 260.95 5.29
    endloop
  endfacet
  facet normal 0 0 -1
    outer loop
      vertex 27.6461 260.95 5.29
      vertex 26.0198 261.889 5.29
      vertex 27.568 261.066 5.29
    endloop
  endfacet
  facet normal 0 0 -1
    outer loop
      vertex 27.568 261.066 5.29
      vertex 26.0198 261.889 5.29
      vertex 27.4821 261.176 5.29
    endloop
  endfacet
  facet normal 0 0 -1
    outer loop
      vertex 27.4821 261.176 5.29
      vertex 26.0198 261.889 5.29
      vertex 27.3887 261.279 5.29
    endloop
  endfacet
  facet normal 0 0 -1
    outer loop
      vertex 27.3887 261.279 5.29
      vertex 26.0198 261.889 5.29
      vertex 27.2883 261.376 5.29
    endloop
  endfacet
  facet normal 0 0 -1
    outer loop
      vertex 27.2883 261.376 5.29
      vertex 26.0198 261.889 5.29
      vertex 27.1813 261.466 5.29
    endloop
  endfacet
  facet normal 0 0 -1
    outer loop
      vertex 27.1813 261.466 5.29
      vertex 26.0198 261.889 5.29
      vertex 27.0684 261.548 5.29
    endloop
  endfacet
  facet normal 0 0 -1
    outer loop
      vertex 27.0684 261.548 5.29
      vertex 26.0198 261.889 5.29
      vertex 26.95 261.622 5.29
    endloop
  endfacet
  facet normal 0 0 -1
    outer loop
      vertex 26.95 261.622 5.29
      vertex 26.0198 261.889 5.29
      vertex 26.8267 261.688 5.29
    endloop
  endfacet
  facet normal 0 0 -1
    outer loop
      vertex 26.8267 261.688 5.29
      vertex 26.0198 261.889 5.29
      vertex 26.6992 261.744 5.29
    endloop
  endfacet
  facet normal 0 0 -1
    outer loop
      vertex 26.6992 261.744 5.29
      vertex 26.0198 261.889 5.29
      vertex 26.568 261.792 5.29
    endloop
  endfacet
  facet normal 0 0 -1
    outer loop
      vertex 26.568 261.792 5.29
      vertex 26.0198 261.889 5.29
      vertex 26.4338 261.831 5.29
    endloop
  endfacet
  facet normal 0 0 -1
    outer loop
      vertex 26.4338 261.831 5.29
      vertex 26.0198 261.889 5.29
      vertex 26.2973 261.86 5.29
    endloop
  endfacet
  facet normal 0 0 -1
    outer loop
      vertex 26.2973 261.86 5.29
      vertex 26.0198 261.889 5.29
      vertex 26.1591 261.879 5.29
    endloop
  endfacet
  facet normal -0 0 -1
    outer loop
      vertex 26.0198 261.889 5.29
      vertex 14.15 257.4 5.29
      vertex 16.0802 261.889 5.29
    endloop
  endfacet
  facet normal 0 0 -1
    outer loop
      vertex 14.15 259.89 5.29
      vertex 16.0802 261.889 5.29
      vertex 14.15 257.4 5.29
    endloop
  endfacet
  facet normal 0 0 -1
    outer loop
      vertex 16.0802 261.889 5.29
      vertex 14.15 259.89 5.29
      vertex 15.9409 261.879 5.29
    endloop
  endfacet
  facet normal 0 0 -1
    outer loop
      vertex 15.9409 261.879 5.29
      vertex 14.15 259.89 5.29
      vertex 15.8027 261.86 5.29
    endloop
  endfacet
  facet normal 0 0 -1
    outer loop
      vertex 15.8027 261.86 5.29
      vertex 14.15 259.89 5.29
      vertex 15.6662 261.831 5.29
    endloop
  endfacet
  facet normal 0 0 -1
    outer loop
      vertex 15.6662 261.831 5.29
      vertex 14.15 259.89 5.29
      vertex 15.532 261.792 5.29
    endloop
  endfacet
  facet normal 0 0 -1
    outer loop
      vertex 15.532 261.792 5.29
      vertex 14.15 259.89 5.29
      vertex 15.4008 261.744 5.29
    endloop
  endfacet
  facet normal 0 0 -1
    outer loop
      vertex 15.4008 261.744 5.29
      vertex 14.15 259.89 5.29
      vertex 15.2733 261.688 5.29
    endloop
  endfacet
  facet normal 0 0 -1
    outer loop
      vertex 15.2733 261.688 5.29
      vertex 14.15 259.89 5.29
      vertex 15.15 261.622 5.29
    endloop
  endfacet
  facet normal 0 0 -1
    outer loop
      vertex 15.15 261.622 5.29
      vertex 14.15 259.89 5.29
      vertex 15.0316 261.548 5.29
    endloop
  endfacet
  facet normal 0 0 -1
    outer loop
      vertex 15.0316 261.548 5.29
      vertex 14.15 259.89 5.29
      vertex 14.9187 261.466 5.29
    endloop
  endfacet
  facet normal 0 0 -1
    outer loop
      vertex 14.9187 261.466 5.29
      vertex 14.15 259.89 5.29
      vertex 14.8117 261.376 5.29
    endloop
  endfacet
  facet normal 0 0 -1
    outer loop
      vertex 14.8117 261.376 5.29
      vertex 14.15 259.89 5.29
      vertex 14.7113 261.279 5.29
    endloop
  endfacet
  facet normal 0 0 -1
    outer loop
      vertex 14.7113 261.279 5.29
      vertex 14.15 259.89 5.29
      vertex 14.6179 261.176 5.29
    endloop
  endfacet
  facet normal 0 0 -1
    outer loop
      vertex 14.6179 261.176 5.29
      vertex 14.15 259.89 5.29
      vertex 14.532 261.066 5.29
    endloop
  endfacet
  facet normal 0 0 -1
    outer loop
      vertex 14.532 261.066 5.29
      vertex 14.15 259.89 5.29
      vertex 14.4539 260.95 5.29
    endloop
  endfacet
  facet normal 0 0 -1
    outer loop
      vertex 14.4539 260.95 5.29
      vertex 14.15 259.89 5.29
      vertex 14.3841 260.829 5.29
    endloop
  endfacet
  facet normal 0 0 -1
    outer loop
      vertex 14.3841 260.829 5.29
      vertex 14.15 259.89 5.29
      vertex 14.3229 260.703 5.29
    endloop
  endfacet
  facet normal 0 0 -1
    outer loop
      vertex 14.3229 260.703 5.29
      vertex 14.15 259.89 5.29
      vertex 14.2706 260.574 5.29
    endloop
  endfacet
  facet normal 0 0 -1
    outer loop
      vertex 14.2706 260.574 5.29
      vertex 14.15 259.89 5.29
      vertex 14.2275 260.441 5.29
    endloop
  endfacet
  facet normal 0 0 -1
    outer loop
      vertex 14.2275 260.441 5.29
      vertex 14.15 259.89 5.29
      vertex 14.1937 260.306 5.29
    endloop
  endfacet
  facet normal 0 0 -1
    outer loop
      vertex 14.15 257.4 5.29
      vertex 27.95 229.4 5.29
      vertex 14.15 229.4 5.29
    endloop
  endfacet
  facet normal 0 0 -1
    outer loop
      vertex 14.1937 260.306 5.29
      vertex 14.15 259.89 5.29
      vertex 14.1695 260.168 5.29
    endloop
  endfacet
  facet normal 0 0 -1
    outer loop
      vertex 14.1695 260.168 5.29
      vertex 14.15 259.89 5.29
      vertex 14.1549 260.03 5.29
    endloop
  endfacet
  facet normal 0 0 1
    outer loop
      vertex 26.0198 261.889 1.99
      vertex 27.95 259.89 1.99
      vertex 27.9451 260.03 1.99
    endloop
  endfacet
  facet normal 0 0 1
    outer loop
      vertex 26.0198 261.889 1.99
      vertex 27.9451 260.03 1.99
      vertex 27.9305 260.168 1.99
    endloop
  endfacet
  facet normal 0 0 1
    outer loop
      vertex 26.0198 261.889 1.99
      vertex 27.9305 260.168 1.99
      vertex 27.9063 260.306 1.99
    endloop
  endfacet
  facet normal 0 0 1
    outer loop
      vertex 26.0198 261.889 1.99
      vertex 27.9063 260.306 1.99
      vertex 27.8725 260.441 1.99
    endloop
  endfacet
  facet normal 0 0 1
    outer loop
      vertex 26.0198 261.889 1.99
      vertex 27.8725 260.441 1.99
      vertex 27.8294 260.574 1.99
    endloop
  endfacet
  facet normal 0 0 1
    outer loop
      vertex 26.0198 261.889 1.99
      vertex 27.8294 260.574 1.99
      vertex 27.7771 260.703 1.99
    endloop
  endfacet
  facet normal 0 0 1
    outer loop
      vertex 26.0198 261.889 1.99
      vertex 27.7771 260.703 1.99
      vertex 27.7159 260.829 1.99
    endloop
  endfacet
  facet normal 0 0 1
    outer loop
      vertex 26.0198 261.889 1.99
      vertex 27.7159 260.829 1.99
      vertex 27.6461 260.95 1.99
    endloop
  endfacet
  facet normal 0 0 1
    outer loop
      vertex 26.0198 261.889 1.99
      vertex 27.6461 260.95 1.99
      vertex 27.568 261.066 1.99
    endloop
  endfacet
  facet normal 0 0 1
    outer loop
      vertex 26.0198 261.889 1.99
      vertex 27.568 261.066 1.99
      vertex 27.4821 261.176 1.99
    endloop
  endfacet
  facet normal 0 0 1
    outer loop
      vertex 26.0198 261.889 1.99
      vertex 27.4821 261.176 1.99
      vertex 27.3887 261.279 1.99
    endloop
  endfacet
  facet normal 0 0 1
    outer loop
      vertex 26.0198 261.889 1.99
      vertex 27.3887 261.279 1.99
      vertex 27.2883 261.376 1.99
    endloop
  endfacet
  facet normal 0 0 1
    outer loop
      vertex 26.0198 261.889 1.99
      vertex 27.2883 261.376 1.99
      vertex 27.1813 261.466 1.99
    endloop
  endfacet
  facet normal 0 0 1
    outer loop
      vertex 26.0198 261.889 1.99
      vertex 27.1813 261.466 1.99
      vertex 27.0684 261.548 1.99
    endloop
  endfacet
  facet normal 0 0 1
    outer loop
      vertex 26.0198 261.889 1.99
      vertex 27.0684 261.548 1.99
      vertex 26.95 261.622 1.99
    endloop
  endfacet
  facet normal 0 0 1
    outer loop
      vertex 26.0198 261.889 1.99
      vertex 26.95 261.622 1.99
      vertex 26.8267 261.688 1.99
    endloop
  endfacet
  facet normal 0 0 1
    outer loop
      vertex 26.0198 261.889 1.99
      vertex 26.8267 261.688 1.99
      vertex 26.6992 261.744 1.99
    endloop
  endfacet
  facet normal 0 0 1
    outer loop
      vertex 26.0198 261.889 1.99
      vertex 26.6992 261.744 1.99
      vertex 26.568 261.792 1.99
    endloop
  endfacet
  facet normal 0 0 1
    outer loop
      vertex 26.0198 261.889 1.99
      vertex 26.568 261.792 1.99
      vertex 26.4338 261.831 1.99
    endloop
  endfacet
  facet normal 0 0 1
    outer loop
      vertex 26.0198 261.889 1.99
      vertex 26.4338 261.831 1.99
      vertex 26.2973 261.86 1.99
    endloop
  endfacet
  facet normal 0 0 1
    outer loop
      vertex 26.0198 261.889 1.99
      vertex 26.2973 261.86 1.99
      vertex 26.1591 261.879 1.99
    endloop
  endfacet
  facet normal 0 0 1
    outer loop
      vertex 27.95 259.89 1.99
      vertex 26.0198 261.889 1.99
      vertex 27.95 257.4 1.99
    endloop
  endfacet
  facet normal -0 0 1
    outer loop
      vertex 16.0802 261.889 1.99
      vertex 27.95 257.4 1.99
      vertex 26.0198 261.889 1.99
    endloop
  endfacet
  facet normal 0 0 1
    outer loop
      vertex 14.15 259.89 1.99
      vertex 16.0802 261.889 1.99
      vertex 15.9409 261.879 1.99
    endloop
  endfacet
  facet normal 0 0 1
    outer loop
      vertex 14.15 259.89 1.99
      vertex 15.9409 261.879 1.99
      vertex 15.8027 261.86 1.99
    endloop
  endfacet
  facet normal 0 0 1
    outer loop
      vertex 14.15 259.89 1.99
      vertex 15.8027 261.86 1.99
      vertex 15.6662 261.831 1.99
    endloop
  endfacet
  facet normal 0 0 1
    outer loop
      vertex 14.15 259.89 1.99
      vertex 15.6662 261.831 1.99
      vertex 15.532 261.792 1.99
    endloop
  endfacet
  facet normal 0 0 1
    outer loop
      vertex 14.15 259.89 1.99
      vertex 15.532 261.792 1.99
      vertex 15.4008 261.744 1.99
    endloop
  endfacet
  facet normal 0 0 1
    outer loop
      vertex 14.15 259.89 1.99
      vertex 15.4008 261.744 1.99
      vertex 15.2733 261.688 1.99
    endloop
  endfacet
  facet normal 0 0 1
    outer loop
      vertex 14.15 259.89 1.99
      vertex 15.2733 261.688 1.99
      vertex 15.15 261.622 1.99
    endloop
  endfacet
  facet normal 0 0 1
    outer loop
      vertex 14.15 259.89 1.99
      vertex 15.15 261.622 1.99
      vertex 15.0316 261.548 1.99
    endloop
  endfacet
  facet normal 0 0 1
    outer loop
      vertex 14.15 259.89 1.99
      vertex 15.0316 261.548 1.99
      vertex 14.9187 261.466 1.99
    endloop
  endfacet
  facet normal 0 0 1
    outer loop
      vertex 14.15 259.89 1.99
      vertex 14.9187 261.466 1.99
      vertex 14.8117 261.376 1.99
    endloop
  endfacet
  facet normal 0 0 1
    outer loop
      vertex 14.15 259.89 1.99
      vertex 14.8117 261.376 1.99
      vertex 14.7113 261.279 1.99
    endloop
  endfacet
  facet normal 0 0 1
    outer loop
      vertex 14.15 259.89 1.99
      vertex 14.7113 261.279 1.99
      vertex 14.6179 261.176 1.99
    endloop
  endfacet
  facet normal 0 0 1
    outer loop
      vertex 14.15 259.89 1.99
      vertex 14.6179 261.176 1.99
      vertex 14.532 261.066 1.99
    endloop
  endfacet
  facet normal 0 0 1
    outer loop
      vertex 14.15 259.89 1.99
      vertex 14.532 261.066 1.99
      vertex 14.4539 260.95 1.99
    endloop
  endfacet
  facet normal 0 0 1
    outer loop
      vertex 14.15 259.89 1.99
      vertex 14.4539 260.95 1.99
      vertex 14.3841 260.829 1.99
    endloop
  endfacet
  facet normal 0 0 1
    outer loop
      vertex 14.15 259.89 1.99
      vertex 14.3841 260.829 1.99
      vertex 14.3229 260.703 1.99
    endloop
  endfacet
  facet normal 0 0 1
    outer loop
      vertex 14.15 259.89 1.99
      vertex 14.3229 260.703 1.99
      vertex 14.2706 260.574 1.99
    endloop
  endfacet
  facet normal 0 0 1
    outer loop
      vertex 14.15 259.89 1.99
      vertex 14.2706 260.574 1.99
      vertex 14.2275 260.441 1.99
    endloop
  endfacet
  facet normal 0 0 1
    outer loop
      vertex 14.15 259.89 1.99
      vertex 14.2275 260.441 1.99
      vertex 14.1937 260.306 1.99
    endloop
  endfacet
  facet normal 0 0 1
    outer loop
      vertex 14.15 259.89 1.99
      vertex 14.1937 260.306 1.99
      vertex 14.1695 260.168 1.99
    endloop
  endfacet
  facet normal 0 0 1
    outer loop
      vertex 14.15 259.89 1.99
      vertex 14.1695 260.168 1.99
      vertex 14.1549 260.03 1.99
    endloop
  endfacet
  facet normal 0 0 1
    outer loop
      vertex 16.0802 261.889 1.99
      vertex 14.15 259.89 1.99
      vertex 14.15 257.4 1.99
    endloop
  endfacet
  facet normal 0 0 1
    outer loop
      vertex 16.0802 261.889 1.99
      vertex 14.15 257.4 1.99
      vertex 27.95 257.4 1.99
    endloop
  endfacet
  facet normal 0.0716032 -0.997433 0
    outer loop
      vertex 15.9409 261.879 1.99
      vertex 16.0802 261.889 5.29
      vertex 15.9409 261.879 5.29
    endloop
  endfacet
  facet normal 0.0716032 -0.997433 0
    outer loop
      vertex 16.0802 261.889 5.29
      vertex 15.9409 261.879 1.99
      vertex 16.0802 261.889 1.99
    endloop
  endfacet
  facet normal 0.343582 -0.939123 0
    outer loop
      vertex 15.4008 261.744 1.99
      vertex 15.532 261.792 5.29
      vertex 15.4008 261.744 5.29
    endloop
  endfacet
  facet normal 0.343582 -0.939123 0
    outer loop
      vertex 15.532 261.792 5.29
      vertex 15.4008 261.744 1.99
      vertex 15.532 261.792 1.99
    endloop
  endfacet
  facet normal -0.98497 -0.172727 0
    outer loop
      vertex 27.9305 260.168 1.99
      vertex 27.9063 260.306 5.29
      vertex 27.9063 260.306 1.99
    endloop
  endfacet
  facet normal -0.98497 -0.172727 0
    outer loop
      vertex 27.9063 260.306 5.29
      vertex 27.9305 260.168 1.99
      vertex 27.9305 260.168 5.29
    endloop
  endfacet
  facet normal 0.951297 -0.308277 0
    outer loop
      vertex 14.2275 260.441 5.29
      vertex 14.2706 260.574 1.99
      vertex 14.2706 260.574 5.29
    endloop
  endfacet
  facet normal 0.951297 -0.308277 0
    outer loop
      vertex 14.2706 260.574 1.99
      vertex 14.2275 260.441 5.29
      vertex 14.2275 260.441 1.99
    endloop
  endfacet
  facet normal 0.740786 -0.671742 0
    outer loop
      vertex 14.6179 261.176 5.29
      vertex 14.7113 261.279 1.99
      vertex 14.7113 261.279 5.29
    endloop
  endfacet
  facet normal 0.740786 -0.671742 0
    outer loop
      vertex 14.7113 261.279 1.99
      vertex 14.6179 261.176 5.29
      vertex 14.6179 261.176 1.99
    endloop
  endfacet
  facet normal -0.970058 -0.242874 0
    outer loop
      vertex 27.9063 260.306 1.99
      vertex 27.8725 260.441 5.29
      vertex 27.8725 260.441 1.99
    endloop
  endfacet
  facet normal -0.970058 -0.242874 0
    outer loop
      vertex 27.8725 260.441 5.29
      vertex 27.9063 260.306 1.99
      vertex 27.9063 260.306 5.29
    endloop
  endfacet
  facet normal 0.471924 -0.881639 0
    outer loop
      vertex 15.15 261.622 1.99
      vertex 15.2733 261.688 5.29
      vertex 15.15 261.622 5.29
    endloop
  endfacet
  facet normal 0.471924 -0.881639 0
    outer loop
      vertex 15.2733 261.688 5.29
      vertex 15.15 261.622 1.99
      vertex 15.2733 261.688 1.99
    endloop
  endfacet
  facet normal 0.643695 -0.765282 0
    outer loop
      vertex 14.8117 261.376 1.99
      vertex 14.9187 261.466 5.29
      vertex 14.8117 261.376 5.29
    endloop
  endfacet
  facet normal 0.643695 -0.765282 0
    outer loop
      vertex 14.9187 261.466 5.29
      vertex 14.8117 261.376 1.99
      vertex 14.9187 261.466 1.99
    endloop
  endfacet
  facet normal 0.694825 -0.719179 0
    outer loop
      vertex 14.7113 261.279 1.99
      vertex 14.8117 261.376 5.29
      vertex 14.7113 261.279 5.29
    endloop
  endfacet
  facet normal 0.694825 -0.719179 0
    outer loop
      vertex 14.8117 261.376 5.29
      vertex 14.7113 261.279 1.99
      vertex 14.8117 261.376 1.99
    endloop
  endfacet
  facet normal -0.136201 -0.990681 0
    outer loop
      vertex 26.1591 261.879 1.99
      vertex 26.2973 261.86 5.29
      vertex 26.1591 261.879 5.29
    endloop
  endfacet
  facet normal -0.136201 -0.990681 -0
    outer loop
      vertex 26.2973 261.86 5.29
      vertex 26.1591 261.879 1.99
      vertex 26.2973 261.86 1.99
    endloop
  endfacet
  facet normal 0.829511 -0.55849 0
    outer loop
      vertex 14.4539 260.95 5.29
      vertex 14.532 261.066 1.99
      vertex 14.532 261.066 5.29
    endloop
  endfacet
  facet normal 0.829511 -0.55849 0
    outer loop
      vertex 14.532 261.066 1.99
      vertex 14.4539 260.95 5.29
      vertex 14.4539 260.95 1.99
    endloop
  endfacet
  facet normal -0.899508 -0.436904 0
    outer loop
      vertex 27.7771 260.703 1.99
      vertex 27.7159 260.829 5.29
      vertex 27.7159 260.829 1.99
    endloop
  endfacet
  facet normal -0.899508 -0.436904 0
    outer loop
      vertex 27.7159 260.829 5.29
      vertex 27.7771 260.703 1.99
      vertex 27.7771 260.703 5.29
    endloop
  endfacet
  facet normal 0.136201 -0.990681 0
    outer loop
      vertex 15.8027 261.86 1.99
      vertex 15.9409 261.879 5.29
      vertex 15.8027 261.86 5.29
    endloop
  endfacet
  facet normal 0.136201 -0.990681 0
    outer loop
      vertex 15.9409 261.879 5.29
      vertex 15.8027 261.86 1.99
      vertex 15.9409 261.879 1.99
    endloop
  endfacet
  facet normal 0.970058 -0.242874 0
    outer loop
      vertex 14.1937 260.306 5.29
      vertex 14.2275 260.441 1.99
      vertex 14.2275 260.441 5.29
    endloop
  endfacet
  facet normal 0.970058 -0.242874 0
    outer loop
      vertex 14.2275 260.441 1.99
      vertex 14.1937 260.306 5.29
      vertex 14.1937 260.306 1.99
    endloop
  endfacet
  facet normal -0.279066 -0.960272 0
    outer loop
      vertex 26.4338 261.831 1.99
      vertex 26.568 261.792 5.29
      vertex 26.4338 261.831 5.29
    endloop
  endfacet
  facet normal -0.279066 -0.960272 -0
    outer loop
      vertex 26.568 261.792 5.29
      vertex 26.4338 261.831 1.99
      vertex 26.568 261.792 1.99
    endloop
  endfacet
  facet normal 0 -1 0
    outer loop
      vertex 16.0802 261.889 1.99
      vertex 26.0198 261.889 5.29
      vertex 16.0802 261.889 5.29
    endloop
  endfacet
  facet normal 0 -1 -0
    outer loop
      vertex 26.0198 261.889 5.29
      vertex 16.0802 261.889 1.99
      vertex 26.0198 261.889 1.99
    endloop
  endfacet
  facet normal -0.529999 -0.847998 0
    outer loop
      vertex 26.95 261.622 1.99
      vertex 27.0684 261.548 5.29
      vertex 26.95 261.622 5.29
    endloop
  endfacet
  facet normal -0.529999 -0.847998 -0
    outer loop
      vertex 27.0684 261.548 5.29
      vertex 26.95 261.622 1.99
      vertex 27.0684 261.548 1.99
    endloop
  endfacet
  facet normal -0.866209 -0.499681 0
    outer loop
      vertex 27.7159 260.829 1.99
      vertex 27.6461 260.95 5.29
      vertex 27.6461 260.95 1.99
    endloop
  endfacet
  facet normal -0.866209 -0.499681 0
    outer loop
      vertex 27.6461 260.95 5.29
      vertex 27.7159 260.829 1.99
      vertex 27.7159 260.829 5.29
    endloop
  endfacet
  facet normal 0.999388 -0.0349786 0
    outer loop
      vertex 14.15 259.89 5.29
      vertex 14.1549 260.03 1.99
      vertex 14.1549 260.03 5.29
    endloop
  endfacet
  facet normal 0.999388 -0.0349786 0
    outer loop
      vertex 14.1549 260.03 1.99
      vertex 14.15 259.89 5.29
      vertex 14.15 259.89 1.99
    endloop
  endfacet
  facet normal 0.279066 -0.960272 0
    outer loop
      vertex 15.532 261.792 1.99
      vertex 15.6662 261.831 5.29
      vertex 15.532 261.792 5.29
    endloop
  endfacet
  facet normal 0.279066 -0.960272 0
    outer loop
      vertex 15.6662 261.831 5.29
      vertex 15.532 261.792 1.99
      vertex 15.6662 261.831 1.99
    endloop
  endfacet
  facet normal -0.951297 -0.308277 0
    outer loop
      vertex 27.8725 260.441 1.99
      vertex 27.8294 260.574 5.29
      vertex 27.8294 260.574 1.99
    endloop
  endfacet
  facet normal -0.951297 -0.308277 0
    outer loop
      vertex 27.8294 260.574 5.29
      vertex 27.8725 260.441 1.99
      vertex 27.8725 260.441 5.29
    endloop
  endfacet
  facet normal 0.788155 -0.615477 0
    outer loop
      vertex 14.532 261.066 5.29
      vertex 14.6179 261.176 1.99
      vertex 14.6179 261.176 5.29
    endloop
  endfacet
  facet normal 0.788155 -0.615477 0
    outer loop
      vertex 14.6179 261.176 1.99
      vertex 14.532 261.066 5.29
      vertex 14.532 261.066 1.99
    endloop
  endfacet
  facet normal -0.58766 -0.809108 0
    outer loop
      vertex 27.0684 261.548 1.99
      vertex 27.1813 261.466 5.29
      vertex 27.0684 261.548 5.29
    endloop
  endfacet
  facet normal -0.58766 -0.809108 -0
    outer loop
      vertex 27.1813 261.466 5.29
      vertex 27.0684 261.548 1.99
      vertex 27.1813 261.466 1.99
    endloop
  endfacet
  facet normal -0.0716032 -0.997433 0
    outer loop
      vertex 26.0198 261.889 1.99
      vertex 26.1591 261.879 5.29
      vertex 26.0198 261.889 5.29
    endloop
  endfacet
  facet normal -0.0716032 -0.997433 -0
    outer loop
      vertex 26.1591 261.879 5.29
      vertex 26.0198 261.889 1.99
      vertex 26.1591 261.879 1.99
    endloop
  endfacet
  facet normal 0.99445 -0.10521 0
    outer loop
      vertex 14.1549 260.03 5.29
      vertex 14.1695 260.168 1.99
      vertex 14.1695 260.168 5.29
    endloop
  endfacet
  facet normal 0.99445 -0.10521 0
    outer loop
      vertex 14.1695 260.168 1.99
      vertex 14.1549 260.03 5.29
      vertex 14.1549 260.03 1.99
    endloop
  endfacet
  facet normal -0.99445 -0.10521 0
    outer loop
      vertex 27.9451 260.03 1.99
      vertex 27.9305 260.168 5.29
      vertex 27.9305 260.168 1.99
    endloop
  endfacet
  facet normal -0.99445 -0.10521 0
    outer loop
      vertex 27.9305 260.168 5.29
      vertex 27.9451 260.03 1.99
      vertex 27.9451 260.03 5.29
    endloop
  endfacet
  facet normal 0.207816 -0.978168 0
    outer loop
      vertex 15.6662 261.831 1.99
      vertex 15.8027 261.86 5.29
      vertex 15.6662 261.831 5.29
    endloop
  endfacet
  facet normal 0.207816 -0.978168 0
    outer loop
      vertex 15.8027 261.86 5.29
      vertex 15.6662 261.831 1.99
      vertex 15.8027 261.86 1.99
    endloop
  endfacet
  facet normal 0.402137 -0.91558 0
    outer loop
      vertex 15.2733 261.688 1.99
      vertex 15.4008 261.744 5.29
      vertex 15.2733 261.688 5.29
    endloop
  endfacet
  facet normal 0.402137 -0.91558 0
    outer loop
      vertex 15.4008 261.744 5.29
      vertex 15.2733 261.688 1.99
      vertex 15.4008 261.744 1.99
    endloop
  endfacet
  facet normal 0.866209 -0.499681 0
    outer loop
      vertex 14.3841 260.829 5.29
      vertex 14.4539 260.95 1.99
      vertex 14.4539 260.95 5.29
    endloop
  endfacet
  facet normal 0.866209 -0.499681 0
    outer loop
      vertex 14.4539 260.95 1.99
      vertex 14.3841 260.829 5.29
      vertex 14.3841 260.829 1.99
    endloop
  endfacet
  facet normal 0.529999 -0.847998 0
    outer loop
      vertex 15.0316 261.548 1.99
      vertex 15.15 261.622 5.29
      vertex 15.0316 261.548 5.29
    endloop
  endfacet
  facet normal 0.529999 -0.847998 0
    outer loop
      vertex 15.15 261.622 5.29
      vertex 15.0316 261.548 1.99
      vertex 15.15 261.622 1.99
    endloop
  endfacet
  facet normal -0.643695 -0.765282 0
    outer loop
      vertex 27.1813 261.466 1.99
      vertex 27.2883 261.376 5.29
      vertex 27.1813 261.466 5.29
    endloop
  endfacet
  facet normal -0.643695 -0.765282 -0
    outer loop
      vertex 27.2883 261.376 5.29
      vertex 27.1813 261.466 1.99
      vertex 27.2883 261.376 1.99
    endloop
  endfacet
  facet normal -0.740786 -0.671742 0
    outer loop
      vertex 27.4821 261.176 1.99
      vertex 27.3887 261.279 5.29
      vertex 27.3887 261.279 1.99
    endloop
  endfacet
  facet normal -0.740786 -0.671742 0
    outer loop
      vertex 27.3887 261.279 5.29
      vertex 27.4821 261.176 1.99
      vertex 27.4821 261.176 5.29
    endloop
  endfacet
  facet normal -0.207816 -0.978168 0
    outer loop
      vertex 26.2973 261.86 1.99
      vertex 26.4338 261.831 5.29
      vertex 26.2973 261.86 5.29
    endloop
  endfacet
  facet normal -0.207816 -0.978168 -0
    outer loop
      vertex 26.4338 261.831 5.29
      vertex 26.2973 261.86 1.99
      vertex 26.4338 261.831 1.99
    endloop
  endfacet
  facet normal -0.471924 -0.881639 0
    outer loop
      vertex 26.8267 261.688 1.99
      vertex 26.95 261.622 5.29
      vertex 26.8267 261.688 5.29
    endloop
  endfacet
  facet normal -0.471924 -0.881639 -0
    outer loop
      vertex 26.95 261.622 5.29
      vertex 26.8267 261.688 1.99
      vertex 26.95 261.622 1.99
    endloop
  endfacet
  facet normal -0.402137 -0.91558 0
    outer loop
      vertex 26.6992 261.744 1.99
      vertex 26.8267 261.688 5.29
      vertex 26.6992 261.744 5.29
    endloop
  endfacet
  facet normal -0.402137 -0.91558 -0
    outer loop
      vertex 26.8267 261.688 5.29
      vertex 26.6992 261.744 1.99
      vertex 26.8267 261.688 1.99
    endloop
  endfacet
  facet normal 0.98497 -0.172727 0
    outer loop
      vertex 14.1695 260.168 5.29
      vertex 14.1937 260.306 1.99
      vertex 14.1937 260.306 5.29
    endloop
  endfacet
  facet normal 0.98497 -0.172727 0
    outer loop
      vertex 14.1937 260.306 1.99
      vertex 14.1695 260.168 5.29
      vertex 14.1695 260.168 1.99
    endloop
  endfacet
  facet normal 0.58766 -0.809108 0
    outer loop
      vertex 14.9187 261.466 1.99
      vertex 15.0316 261.548 5.29
      vertex 14.9187 261.466 5.29
    endloop
  endfacet
  facet normal 0.58766 -0.809108 0
    outer loop
      vertex 15.0316 261.548 5.29
      vertex 14.9187 261.466 1.99
      vertex 15.0316 261.548 1.99
    endloop
  endfacet
  facet normal -0.694825 -0.719179 0
    outer loop
      vertex 27.2883 261.376 1.99
      vertex 27.3887 261.279 5.29
      vertex 27.2883 261.376 5.29
    endloop
  endfacet
  facet normal -0.694825 -0.719179 -0
    outer loop
      vertex 27.3887 261.279 5.29
      vertex 27.2883 261.376 1.99
      vertex 27.3887 261.279 1.99
    endloop
  endfacet
  facet normal -0.343582 -0.939123 0
    outer loop
      vertex 26.568 261.792 1.99
      vertex 26.6992 261.744 5.29
      vertex 26.568 261.792 5.29
    endloop
  endfacet
  facet normal -0.343582 -0.939123 -0
    outer loop
      vertex 26.6992 261.744 5.29
      vertex 26.568 261.792 1.99
      vertex 26.6992 261.744 1.99
    endloop
  endfacet
  facet normal -0.999388 -0.0349786 0
    outer loop
      vertex 27.95 259.89 1.99
      vertex 27.9451 260.03 5.29
      vertex 27.9451 260.03 1.99
    endloop
  endfacet
  facet normal -0.999388 -0.0349786 0
    outer loop
      vertex 27.9451 260.03 5.29
      vertex 27.95 259.89 1.99
      vertex 27.95 259.89 5.29
    endloop
  endfacet
  facet normal -0.926733 -0.375722 0
    outer loop
      vertex 27.8294 260.574 1.99
      vertex 27.7771 260.703 5.29
      vertex 27.7771 260.703 1.99
    endloop
  endfacet
  facet normal -0.926733 -0.375722 0
    outer loop
      vertex 27.7771 260.703 5.29
      vertex 27.8294 260.574 1.99
      vertex 27.8294 260.574 5.29
    endloop
  endfacet
  facet normal -0.788155 -0.615477 0
    outer loop
      vertex 27.568 261.066 1.99
      vertex 27.4821 261.176 5.29
      vertex 27.4821 261.176 1.99
    endloop
  endfacet
  facet normal -0.788155 -0.615477 0
    outer loop
      vertex 27.4821 261.176 5.29
      vertex 27.568 261.066 1.99
      vertex 27.568 261.066 5.29
    endloop
  endfacet
  facet normal 0.926733 -0.375722 0
    outer loop
      vertex 14.2706 260.574 5.29
      vertex 14.3229 260.703 1.99
      vertex 14.3229 260.703 5.29
    endloop
  endfacet
  facet normal 0.926733 -0.375722 0
    outer loop
      vertex 14.3229 260.703 1.99
      vertex 14.2706 260.574 5.29
      vertex 14.2706 260.574 1.99
    endloop
  endfacet
  facet normal 0.899508 -0.436904 0
    outer loop
      vertex 14.3229 260.703 5.29
      vertex 14.3841 260.829 1.99
      vertex 14.3841 260.829 5.29
    endloop
  endfacet
  facet normal 0.899508 -0.436904 0
    outer loop
      vertex 14.3841 260.829 1.99
      vertex 14.3229 260.703 5.29
      vertex 14.3229 260.703 1.99
    endloop
  endfacet
  facet normal -0.829511 -0.55849 0
    outer loop
      vertex 27.6461 260.95 1.99
      vertex 27.568 261.066 5.29
      vertex 27.568 261.066 1.99
    endloop
  endfacet
  facet normal -0.829511 -0.55849 0
    outer loop
      vertex 27.568 261.066 5.29
      vertex 27.6461 260.95 1.99
      vertex 27.6461 260.95 5.29
    endloop
  endfacet
  facet normal -1 0 0
    outer loop
      vertex 27.95 237.4 0
      vertex 27.95 229.4 0
      vertex 27.95 237.4 2.99
    endloop
  endfacet
  facet normal -1 0 0
    outer loop
      vertex 27.95 249.4 2.99
      vertex 27.95 257.4 0
      vertex 27.95 249.4 0
    endloop
  endfacet
  facet normal -1 0 0
    outer loop
      vertex 27.95 257.4 0
      vertex 27.95 249.4 2.99
      vertex 27.95 257.4 5.29
    endloop
  endfacet
  facet normal -1 0 0
    outer loop
      vertex 27.95 237.4 2.99
      vertex 27.95 257.4 5.29
      vertex 27.95 249.4 2.99
    endloop
  endfacet
  facet normal -1 0 0
    outer loop
      vertex 27.95 237.4 2.99
      vertex 27.95 229.4 5.29
      vertex 27.95 257.4 5.29
    endloop
  endfacet
  facet normal -1 0 0
    outer loop
      vertex 27.95 229.4 5.29
      vertex 27.95 237.4 2.99
      vertex 27.95 229.4 0
    endloop
  endfacet
  facet normal 0 -1 0
    outer loop
      vertex 14.15 257.4 1.99
      vertex 17.85 257.4 1.39
      vertex 27.95 257.4 1.99
    endloop
  endfacet
  facet normal 0 -1 0
    outer loop
      vertex 14.15 257.4 0
      vertex 17.85 257.4 1.39
      vertex 14.15 257.4 1.99
    endloop
  endfacet
  facet normal 0 -1 -0
    outer loop
      vertex 17.85 257.4 1.39
      vertex 14.15 257.4 0
      vertex 17.85 257.4 0
    endloop
  endfacet
  facet normal 0 -1 0
    outer loop
      vertex 24.25 257.4 1.39
      vertex 27.95 257.4 1.99
      vertex 17.85 257.4 1.39
    endloop
  endfacet
  facet normal 0 -1 0
    outer loop
      vertex 27.95 257.4 0
      vertex 24.25 257.4 1.39
      vertex 24.25 257.4 0
    endloop
  endfacet
  facet normal 0 -1 0
    outer loop
      vertex 24.25 257.4 1.39
      vertex 27.95 257.4 0
      vertex 27.95 257.4 1.99
    endloop
  endfacet
  facet normal -0 0 0
    outer loop
      vertex 14.15 257.4 1.99
      vertex 14.15 257.4 5.29
      vertex 14.15 257.4 0
    endloop
  endfacet
  facet normal 0 0 0
    outer loop
      vertex 27.95 257.4 0
      vertex 27.95 257.4 5.29
      vertex 27.95 257.4 1.99
    endloop
  endfacet
  facet normal 0 1 -0
    outer loop
      vertex 27.95 229.4 0
      vertex 14.15 229.4 5.29
      vertex 27.95 229.4 5.29
    endloop
  endfacet
  facet normal 0 1 0
    outer loop
      vertex 14.15 229.4 5.29
      vertex 27.95 229.4 0
      vertex 14.15 229.4 0
    endloop
  endfacet
  facet normal 1 0 0
    outer loop
      vertex 14.15 257.4 5.29
      vertex 14.15 249.4 2.99
      vertex 14.15 257.4 0
    endloop
  endfacet
  facet normal 1 0 0
    outer loop
      vertex 14.15 257.4 5.29
      vertex 14.15 237.4 2.99
      vertex 14.15 249.4 2.99
    endloop
  endfacet
  facet normal 1 -0 0
    outer loop
      vertex 14.15 229.4 5.29
      vertex 14.15 237.4 2.99
      vertex 14.15 257.4 5.29
    endloop
  endfacet
  facet normal 1 0 0
    outer loop
      vertex 14.15 229.4 0
      vertex 14.15 237.4 2.99
      vertex 14.15 229.4 5.29
    endloop
  endfacet
  facet normal 1 0 0
    outer loop
      vertex 14.15 237.4 2.99
      vertex 14.15 229.4 0
      vertex 14.15 237.4 0
    endloop
  endfacet
  facet normal 1 0 0
    outer loop
      vertex 14.15 257.4 0
      vertex 14.15 249.4 2.99
      vertex 14.15 249.4 0
    endloop
  endfacet
  facet normal -1 0 0
    outer loop
      vertex 29.45 237.4 0
      vertex 29.45 249.4 2.99
      vertex 29.45 249.4 0
    endloop
  endfacet
  facet normal -1 -0 0
    outer loop
      vertex 29.45 249.4 2.99
      vertex 29.45 237.4 0
      vertex 29.45 237.4 2.99
    endloop
  endfacet
  facet normal 0 -1 0
    outer loop
      vertex 12.65 249.4 0
      vertex 14.15 249.4 2.99
      vertex 12.65 249.4 2.99
    endloop
  endfacet
  facet normal 0 -1 -0
    outer loop
      vertex 14.15 249.4 2.99
      vertex 12.65 249.4 0
      vertex 14.15 249.4 0
    endloop
  endfacet
  facet normal 0 -1 0
    outer loop
      vertex 27.95 249.4 0
      vertex 29.45 249.4 2.99
      vertex 27.95 249.4 2.99
    endloop
  endfacet
  facet normal 0 -1 -0
    outer loop
      vertex 29.45 249.4 2.99
      vertex 27.95 249.4 0
      vertex 29.45 249.4 0
    endloop
  endfacet
  facet normal 0 1 -0
    outer loop
      vertex 29.45 237.4 0
      vertex 27.95 237.4 2.99
      vertex 29.45 237.4 2.99
    endloop
  endfacet
  facet normal 0 1 0
    outer loop
      vertex 27.95 237.4 2.99
      vertex 29.45 237.4 0
      vertex 27.95 237.4 0
    endloop
  endfacet
  facet normal 0 1 -0
    outer loop
      vertex 14.15 237.4 0
      vertex 12.65 237.4 2.99
      vertex 14.15 237.4 2.99
    endloop
  endfacet
  facet normal 0 1 0
    outer loop
      vertex 12.65 237.4 2.99
      vertex 14.15 237.4 0
      vertex 12.65 237.4 0
    endloop
  endfacet
  facet normal 1 -0 0
    outer loop
      vertex 12.65 237.4 2.99
      vertex 12.65 249.4 0
      vertex 12.65 249.4 2.99
    endloop
  endfacet
  facet normal 1 0 0
    outer loop
      vertex 12.65 249.4 0
      vertex 12.65 237.4 2.99
      vertex 12.65 237.4 0
    endloop
  endfacet
  facet normal 0 0 -1
    outer loop
      vertex 12.65 237.4 2.99
      vertex 14.15 249.4 2.99
      vertex 14.15 237.4 2.99
    endloop
  endfacet
  facet normal -0 0 -1
    outer loop
      vertex 14.15 249.4 2.99
      vertex 12.65 237.4 2.99
      vertex 12.65 249.4 2.99
    endloop
  endfacet
  facet normal 0 0 -1
    outer loop
      vertex 27.95 237.4 2.99
      vertex 29.45 249.4 2.99
      vertex 29.45 237.4 2.99
    endloop
  endfacet
  facet normal -0 0 -1
    outer loop
      vertex 29.45 249.4 2.99
      vertex 27.95 237.4 2.99
      vertex 27.95 249.4 2.99
    endloop
  endfacet
  facet normal -1 0 0
    outer loop
      vertex 24.25 257.4 0
      vertex 24.25 288.4 1.39
      vertex 24.25 288.4 0
    endloop
  endfacet
  facet normal -1 -0 0
    outer loop
      vertex 24.25 288.4 1.39
      vertex 24.25 257.4 0
      vertex 24.25 257.4 1.39
    endloop
  endfacet
  facet normal 0 -1 0
    outer loop
      vertex 17.85 288.4 0
      vertex 24.25 288.4 1.39
      vertex 17.85 288.4 1.39
    endloop
  endfacet
  facet normal 0 -1 -0
    outer loop
      vertex 24.25 288.4 1.39
      vertex 17.85 288.4 0
      vertex 24.25 288.4 0
    endloop
  endfacet
  facet normal 1 -0 0
    outer loop
      vertex 17.85 257.4 1.39
      vertex 17.85 288.4 0
      vertex 17.85 288.4 1.39
    endloop
  endfacet
  facet normal 1 0 0
    outer loop
      vertex 17.85 288.4 0
      vertex 17.85 257.4 1.39
      vertex 17.85 257.4 0
    endloop
  endfacet
  facet normal 0 0 -1
    outer loop
      vertex 17.85 257.4 1.39
      vertex 24.25 288.4 1.39
      vertex 24.25 257.4 1.39
    endloop
  endfacet
  facet normal -0 0 -1
    outer loop
      vertex 24.25 288.4 1.39
      vertex 17.85 257.4 1.39
      vertex 17.85 288.4 1.39
    endloop
  endfacet
  facet normal -1 0 0
    outer loop
      vertex 196.35 257.4 1.99
      vertex 196.35 259.89 5.29
      vertex 196.35 259.89 1.99
    endloop
  endfacet
  facet normal -1 -0 0
    outer loop
      vertex 196.35 259.89 5.29
      vertex 196.35 257.4 1.99
      vertex 196.35 257.4 5.29
    endloop
  endfacet
  facet normal 1 -0 0
    outer loop
      vertex 182.55 257.4 5.29
      vertex 182.55 259.89 1.99
      vertex 182.55 259.89 5.29
    endloop
  endfacet
  facet normal 1 0 0
    outer loop
      vertex 182.55 259.89 1.99
      vertex 182.55 257.4 5.29
      vertex 182.55 257.4 1.99
    endloop
  endfacet
  facet normal 0 0 -1
    outer loop
      vertex 182.55 257.4 5.29
      vertex 196.35 257.4 5.29
      vertex 196.35 229.4 5.29
    endloop
  endfacet
  facet normal 0 -0 -1
    outer loop
      vertex 194.42 261.889 5.29
      vertex 196.35 257.4 5.29
      vertex 182.55 257.4 5.29
    endloop
  endfacet
  facet normal 0 0 -1
    outer loop
      vertex 196.35 257.4 5.29
      vertex 194.42 261.889 5.29
      vertex 196.35 259.89 5.29
    endloop
  endfacet
  facet normal 0 0 -1
    outer loop
      vertex 196.35 259.89 5.29
      vertex 194.42 261.889 5.29
      vertex 196.345 260.03 5.29
    endloop
  endfacet
  facet normal 0 0 -1
    outer loop
      vertex 196.345 260.03 5.29
      vertex 194.42 261.889 5.29
      vertex 196.331 260.168 5.29
    endloop
  endfacet
  facet normal 0 0 -1
    outer loop
      vertex 196.331 260.168 5.29
      vertex 194.42 261.889 5.29
      vertex 196.306 260.306 5.29
    endloop
  endfacet
  facet normal 0 0 -1
    outer loop
      vertex 196.306 260.306 5.29
      vertex 194.42 261.889 5.29
      vertex 196.273 260.441 5.29
    endloop
  endfacet
  facet normal 0 0 -1
    outer loop
      vertex 196.273 260.441 5.29
      vertex 194.42 261.889 5.29
      vertex 196.229 260.574 5.29
    endloop
  endfacet
  facet normal 0 0 -1
    outer loop
      vertex 196.229 260.574 5.29
      vertex 194.42 261.889 5.29
      vertex 196.177 260.703 5.29
    endloop
  endfacet
  facet normal 0 0 -1
    outer loop
      vertex 196.177 260.703 5.29
      vertex 194.42 261.889 5.29
      vertex 196.116 260.829 5.29
    endloop
  endfacet
  facet normal 0 0 -1
    outer loop
      vertex 196.116 260.829 5.29
      vertex 194.42 261.889 5.29
      vertex 196.046 260.95 5.29
    endloop
  endfacet
  facet normal 0 0 -1
    outer loop
      vertex 196.046 260.95 5.29
      vertex 194.42 261.889 5.29
      vertex 195.968 261.066 5.29
    endloop
  endfacet
  facet normal 0 0 -1
    outer loop
      vertex 195.968 261.066 5.29
      vertex 194.42 261.889 5.29
      vertex 195.882 261.176 5.29
    endloop
  endfacet
  facet normal 0 0 -1
    outer loop
      vertex 195.882 261.176 5.29
      vertex 194.42 261.889 5.29
      vertex 195.789 261.279 5.29
    endloop
  endfacet
  facet normal 0 0 -1
    outer loop
      vertex 195.789 261.279 5.29
      vertex 194.42 261.889 5.29
      vertex 195.688 261.376 5.29
    endloop
  endfacet
  facet normal 0 0 -1
    outer loop
      vertex 195.688 261.376 5.29
      vertex 194.42 261.889 5.29
      vertex 195.581 261.466 5.29
    endloop
  endfacet
  facet normal 0 0 -1
    outer loop
      vertex 195.581 261.466 5.29
      vertex 194.42 261.889 5.29
      vertex 195.468 261.548 5.29
    endloop
  endfacet
  facet normal 0 0 -1
    outer loop
      vertex 195.468 261.548 5.29
      vertex 194.42 261.889 5.29
      vertex 195.35 261.622 5.29
    endloop
  endfacet
  facet normal 0 0 -1
    outer loop
      vertex 195.35 261.622 5.29
      vertex 194.42 261.889 5.29
      vertex 195.227 261.688 5.29
    endloop
  endfacet
  facet normal 0 0 -1
    outer loop
      vertex 195.227 261.688 5.29
      vertex 194.42 261.889 5.29
      vertex 195.099 261.744 5.29
    endloop
  endfacet
  facet normal 0 0 -1
    outer loop
      vertex 195.099 261.744 5.29
      vertex 194.42 261.889 5.29
      vertex 194.968 261.792 5.29
    endloop
  endfacet
  facet normal 0 0 -1
    outer loop
      vertex 194.968 261.792 5.29
      vertex 194.42 261.889 5.29
      vertex 194.834 261.831 5.29
    endloop
  endfacet
  facet normal 0 0 -1
    outer loop
      vertex 194.834 261.831 5.29
      vertex 194.42 261.889 5.29
      vertex 194.697 261.86 5.29
    endloop
  endfacet
  facet normal 0 0 -1
    outer loop
      vertex 194.697 261.86 5.29
      vertex 194.42 261.889 5.29
      vertex 194.559 261.879 5.29
    endloop
  endfacet
  facet normal -0 0 -1
    outer loop
      vertex 194.42 261.889 5.29
      vertex 182.55 257.4 5.29
      vertex 184.48 261.889 5.29
    endloop
  endfacet
  facet normal 0 0 -1
    outer loop
      vertex 182.55 259.89 5.29
      vertex 184.48 261.889 5.29
      vertex 182.55 257.4 5.29
    endloop
  endfacet
  facet normal 0 0 -1
    outer loop
      vertex 184.48 261.889 5.29
      vertex 182.55 259.89 5.29
      vertex 184.341 261.879 5.29
    endloop
  endfacet
  facet normal 0 0 -1
    outer loop
      vertex 184.341 261.879 5.29
      vertex 182.55 259.89 5.29
      vertex 184.203 261.86 5.29
    endloop
  endfacet
  facet normal 0 0 -1
    outer loop
      vertex 184.203 261.86 5.29
      vertex 182.55 259.89 5.29
      vertex 184.066 261.831 5.29
    endloop
  endfacet
  facet normal 0 0 -1
    outer loop
      vertex 184.066 261.831 5.29
      vertex 182.55 259.89 5.29
      vertex 183.932 261.792 5.29
    endloop
  endfacet
  facet normal 0 0 -1
    outer loop
      vertex 183.932 261.792 5.29
      vertex 182.55 259.89 5.29
      vertex 183.801 261.744 5.29
    endloop
  endfacet
  facet normal 0 0 -1
    outer loop
      vertex 183.801 261.744 5.29
      vertex 182.55 259.89 5.29
      vertex 183.673 261.688 5.29
    endloop
  endfacet
  facet normal 0 0 -1
    outer loop
      vertex 183.673 261.688 5.29
      vertex 182.55 259.89 5.29
      vertex 183.55 261.622 5.29
    endloop
  endfacet
  facet normal 0 0 -1
    outer loop
      vertex 183.55 261.622 5.29
      vertex 182.55 259.89 5.29
      vertex 183.432 261.548 5.29
    endloop
  endfacet
  facet normal 0 0 -1
    outer loop
      vertex 183.432 261.548 5.29
      vertex 182.55 259.89 5.29
      vertex 183.319 261.466 5.29
    endloop
  endfacet
  facet normal 0 0 -1
    outer loop
      vertex 183.319 261.466 5.29
      vertex 182.55 259.89 5.29
      vertex 183.212 261.376 5.29
    endloop
  endfacet
  facet normal 0 0 -1
    outer loop
      vertex 183.212 261.376 5.29
      vertex 182.55 259.89 5.29
      vertex 183.111 261.279 5.29
    endloop
  endfacet
  facet normal 0 0 -1
    outer loop
      vertex 183.111 261.279 5.29
      vertex 182.55 259.89 5.29
      vertex 183.018 261.176 5.29
    endloop
  endfacet
  facet normal 0 0 -1
    outer loop
      vertex 183.018 261.176 5.29
      vertex 182.55 259.89 5.29
      vertex 182.932 261.066 5.29
    endloop
  endfacet
  facet normal 0 0 -1
    outer loop
      vertex 182.932 261.066 5.29
      vertex 182.55 259.89 5.29
      vertex 182.854 260.95 5.29
    endloop
  endfacet
  facet normal 0 0 -1
    outer loop
      vertex 182.854 260.95 5.29
      vertex 182.55 259.89 5.29
      vertex 182.784 260.829 5.29
    endloop
  endfacet
  facet normal 0 0 -1
    outer loop
      vertex 182.784 260.829 5.29
      vertex 182.55 259.89 5.29
      vertex 182.723 260.703 5.29
    endloop
  endfacet
  facet normal 0 0 -1
    outer loop
      vertex 182.723 260.703 5.29
      vertex 182.55 259.89 5.29
      vertex 182.671 260.574 5.29
    endloop
  endfacet
  facet normal 0 0 -1
    outer loop
      vertex 182.671 260.574 5.29
      vertex 182.55 259.89 5.29
      vertex 182.627 260.441 5.29
    endloop
  endfacet
  facet normal 0 0 -1
    outer loop
      vertex 182.627 260.441 5.29
      vertex 182.55 259.89 5.29
      vertex 182.594 260.306 5.29
    endloop
  endfacet
  facet normal 0 0 -1
    outer loop
      vertex 182.55 257.4 5.29
      vertex 196.35 229.4 5.29
      vertex 182.55 229.4 5.29
    endloop
  endfacet
  facet normal 0 0 -1
    outer loop
      vertex 182.594 260.306 5.29
      vertex 182.55 259.89 5.29
      vertex 182.569 260.168 5.29
    endloop
  endfacet
  facet normal 0 0 -1
    outer loop
      vertex 182.569 260.168 5.29
      vertex 182.55 259.89 5.29
      vertex 182.555 260.03 5.29
    endloop
  endfacet
  facet normal 0 0 1
    outer loop
      vertex 194.42 261.889 1.99
      vertex 196.35 259.89 1.99
      vertex 196.345 260.03 1.99
    endloop
  endfacet
  facet normal 0 0 1
    outer loop
      vertex 194.42 261.889 1.99
      vertex 196.345 260.03 1.99
      vertex 196.331 260.168 1.99
    endloop
  endfacet
  facet normal 0 0 1
    outer loop
      vertex 194.42 261.889 1.99
      vertex 196.331 260.168 1.99
      vertex 196.306 260.306 1.99
    endloop
  endfacet
  facet normal 0 0 1
    outer loop
      vertex 194.42 261.889 1.99
      vertex 196.306 260.306 1.99
      vertex 196.273 260.441 1.99
    endloop
  endfacet
  facet normal 0 0 1
    outer loop
      vertex 194.42 261.889 1.99
      vertex 196.273 260.441 1.99
      vertex 196.229 260.574 1.99
    endloop
  endfacet
  facet normal 0 0 1
    outer loop
      vertex 194.42 261.889 1.99
      vertex 196.229 260.574 1.99
      vertex 196.177 260.703 1.99
    endloop
  endfacet
  facet normal 0 0 1
    outer loop
      vertex 194.42 261.889 1.99
      vertex 196.177 260.703 1.99
      vertex 196.116 260.829 1.99
    endloop
  endfacet
  facet normal 0 0 1
    outer loop
      vertex 194.42 261.889 1.99
      vertex 196.116 260.829 1.99
      vertex 196.046 260.95 1.99
    endloop
  endfacet
  facet normal 0 0 1
    outer loop
      vertex 194.42 261.889 1.99
      vertex 196.046 260.95 1.99
      vertex 195.968 261.066 1.99
    endloop
  endfacet
  facet normal 0 0 1
    outer loop
      vertex 194.42 261.889 1.99
      vertex 195.968 261.066 1.99
      vertex 195.882 261.176 1.99
    endloop
  endfacet
  facet normal 0 0 1
    outer loop
      vertex 194.42 261.889 1.99
      vertex 195.882 261.176 1.99
      vertex 195.789 261.279 1.99
    endloop
  endfacet
  facet normal 0 0 1
    outer loop
      vertex 194.42 261.889 1.99
      vertex 195.789 261.279 1.99
      vertex 195.688 261.376 1.99
    endloop
  endfacet
  facet normal 0 0 1
    outer loop
      vertex 194.42 261.889 1.99
      vertex 195.688 261.376 1.99
      vertex 195.581 261.466 1.99
    endloop
  endfacet
  facet normal 0 0 1
    outer loop
      vertex 194.42 261.889 1.99
      vertex 195.581 261.466 1.99
      vertex 195.468 261.548 1.99
    endloop
  endfacet
  facet normal 0 0 1
    outer loop
      vertex 194.42 261.889 1.99
      vertex 195.468 261.548 1.99
      vertex 195.35 261.622 1.99
    endloop
  endfacet
  facet normal 0 0 1
    outer loop
      vertex 194.42 261.889 1.99
      vertex 195.35 261.622 1.99
      vertex 195.227 261.688 1.99
    endloop
  endfacet
  facet normal 0 0 1
    outer loop
      vertex 194.42 261.889 1.99
      vertex 195.227 261.688 1.99
      vertex 195.099 261.744 1.99
    endloop
  endfacet
  facet normal 0 0 1
    outer loop
      vertex 194.42 261.889 1.99
      vertex 195.099 261.744 1.99
      vertex 194.968 261.792 1.99
    endloop
  endfacet
  facet normal 0 0 1
    outer loop
      vertex 194.42 261.889 1.99
      vertex 194.968 261.792 1.99
      vertex 194.834 261.831 1.99
    endloop
  endfacet
  facet normal 0 0 1
    outer loop
      vertex 194.42 261.889 1.99
      vertex 194.834 261.831 1.99
      vertex 194.697 261.86 1.99
    endloop
  endfacet
  facet normal 0 0 1
    outer loop
      vertex 194.42 261.889 1.99
      vertex 194.697 261.86 1.99
      vertex 194.559 261.879 1.99
    endloop
  endfacet
  facet normal 0 0 1
    outer loop
      vertex 196.35 259.89 1.99
      vertex 194.42 261.889 1.99
      vertex 196.35 257.4 1.99
    endloop
  endfacet
  facet normal -0 0 1
    outer loop
      vertex 184.48 261.889 1.99
      vertex 196.35 257.4 1.99
      vertex 194.42 261.889 1.99
    endloop
  endfacet
  facet normal 0 0 1
    outer loop
      vertex 182.55 259.89 1.99
      vertex 184.48 261.889 1.99
      vertex 184.341 261.879 1.99
    endloop
  endfacet
  facet normal 0 0 1
    outer loop
      vertex 182.55 259.89 1.99
      vertex 184.341 261.879 1.99
      vertex 184.203 261.86 1.99
    endloop
  endfacet
  facet normal 0 0 1
    outer loop
      vertex 182.55 259.89 1.99
      vertex 184.203 261.86 1.99
      vertex 184.066 261.831 1.99
    endloop
  endfacet
  facet normal 0 0 1
    outer loop
      vertex 182.55 259.89 1.99
      vertex 184.066 261.831 1.99
      vertex 183.932 261.792 1.99
    endloop
  endfacet
  facet normal 0 0 1
    outer loop
      vertex 182.55 259.89 1.99
      vertex 183.932 261.792 1.99
      vertex 183.801 261.744 1.99
    endloop
  endfacet
  facet normal 0 0 1
    outer loop
      vertex 182.55 259.89 1.99
      vertex 183.801 261.744 1.99
      vertex 183.673 261.688 1.99
    endloop
  endfacet
  facet normal 0 0 1
    outer loop
      vertex 182.55 259.89 1.99
      vertex 183.673 261.688 1.99
      vertex 183.55 261.622 1.99
    endloop
  endfacet
  facet normal 0 0 1
    outer loop
      vertex 182.55 259.89 1.99
      vertex 183.55 261.622 1.99
      vertex 183.432 261.548 1.99
    endloop
  endfacet
  facet normal 0 0 1
    outer loop
      vertex 182.55 259.89 1.99
      vertex 183.432 261.548 1.99
      vertex 183.319 261.466 1.99
    endloop
  endfacet
  facet normal 0 0 1
    outer loop
      vertex 182.55 259.89 1.99
      vertex 183.319 261.466 1.99
      vertex 183.212 261.376 1.99
    endloop
  endfacet
  facet normal 0 0 1
    outer loop
      vertex 182.55 259.89 1.99
      vertex 183.212 261.376 1.99
      vertex 183.111 261.279 1.99
    endloop
  endfacet
  facet normal 0 0 1
    outer loop
      vertex 182.55 259.89 1.99
      vertex 183.111 261.279 1.99
      vertex 183.018 261.176 1.99
    endloop
  endfacet
  facet normal 0 0 1
    outer loop
      vertex 182.55 259.89 1.99
      vertex 183.018 261.176 1.99
      vertex 182.932 261.066 1.99
    endloop
  endfacet
  facet normal 0 0 1
    outer loop
      vertex 182.55 259.89 1.99
      vertex 182.932 261.066 1.99
      vertex 182.854 260.95 1.99
    endloop
  endfacet
  facet normal 0 0 1
    outer loop
      vertex 182.55 259.89 1.99
      vertex 182.854 260.95 1.99
      vertex 182.784 260.829 1.99
    endloop
  endfacet
  facet normal 0 0 1
    outer loop
      vertex 182.55 259.89 1.99
      vertex 182.784 260.829 1.99
      vertex 182.723 260.703 1.99
    endloop
  endfacet
  facet normal 0 0 1
    outer loop
      vertex 182.55 259.89 1.99
      vertex 182.723 260.703 1.99
      vertex 182.671 260.574 1.99
    endloop
  endfacet
  facet normal 0 0 1
    outer loop
      vertex 182.55 259.89 1.99
      vertex 182.671 260.574 1.99
      vertex 182.627 260.441 1.99
    endloop
  endfacet
  facet normal 0 0 1
    outer loop
      vertex 182.55 259.89 1.99
      vertex 182.627 260.441 1.99
      vertex 182.594 260.306 1.99
    endloop
  endfacet
  facet normal 0 0 1
    outer loop
      vertex 182.55 259.89 1.99
      vertex 182.594 260.306 1.99
      vertex 182.569 260.168 1.99
    endloop
  endfacet
  facet normal 0 0 1
    outer loop
      vertex 182.55 259.89 1.99
      vertex 182.569 260.168 1.99
      vertex 182.555 260.03 1.99
    endloop
  endfacet
  facet normal 0 0 1
    outer loop
      vertex 184.48 261.889 1.99
      vertex 182.55 259.89 1.99
      vertex 182.55 257.4 1.99
    endloop
  endfacet
  facet normal 0 0 1
    outer loop
      vertex 184.48 261.889 1.99
      vertex 182.55 257.4 1.99
      vertex 196.35 257.4 1.99
    endloop
  endfacet
  facet normal 0.071757 -0.997422 0
    outer loop
      vertex 184.341 261.879 1.99
      vertex 184.48 261.889 5.29
      vertex 184.341 261.879 5.29
    endloop
  endfacet
  facet normal 0.071757 -0.997422 0
    outer loop
      vertex 184.48 261.889 5.29
      vertex 184.341 261.879 1.99
      vertex 184.48 261.889 1.99
    endloop
  endfacet
  facet normal 0.344044 -0.938954 0
    outer loop
      vertex 183.801 261.744 1.99
      vertex 183.932 261.792 5.29
      vertex 183.801 261.744 5.29
    endloop
  endfacet
  facet normal 0.344044 -0.938954 0
    outer loop
      vertex 183.932 261.792 5.29
      vertex 183.801 261.744 1.99
      vertex 183.932 261.792 1.99
    endloop
  endfacet
  facet normal -0.983984 -0.178258 0
    outer loop
      vertex 196.331 260.168 1.99
      vertex 196.306 260.306 5.29
      vertex 196.306 260.306 1.99
    endloop
  endfacet
  facet normal -0.983984 -0.178258 0
    outer loop
      vertex 196.306 260.306 5.29
      vertex 196.331 260.168 1.99
      vertex 196.331 260.168 5.29
    endloop
  endfacet
  facet normal 0.949395 -0.314085 0
    outer loop
      vertex 182.627 260.441 5.29
      vertex 182.671 260.574 1.99
      vertex 182.671 260.574 5.29
    endloop
  endfacet
  facet normal 0.949395 -0.314085 0
    outer loop
      vertex 182.671 260.574 1.99
      vertex 182.627 260.441 5.29
      vertex 182.627 260.441 1.99
    endloop
  endfacet
  facet normal 0.742218 -0.670158 0
    outer loop
      vertex 183.018 261.176 5.29
      vertex 183.111 261.279 1.99
      vertex 183.111 261.279 5.29
    endloop
  endfacet
  facet normal 0.742218 -0.670158 0
    outer loop
      vertex 183.111 261.279 1.99
      vertex 183.018 261.176 5.29
      vertex 183.018 261.176 1.99
    endloop
  endfacet
  facet normal -0.971399 -0.237453 0
    outer loop
      vertex 196.306 260.306 1.99
      vertex 196.273 260.441 5.29
      vertex 196.273 260.441 1.99
    endloop
  endfacet
  facet normal -0.971399 -0.237453 0
    outer loop
      vertex 196.273 260.441 5.29
      vertex 196.306 260.306 1.99
      vertex 196.306 260.306 5.29
    endloop
  endfacet
  facet normal 0.472818 -0.88116 0
    outer loop
      vertex 183.55 261.622 1.99
      vertex 183.673 261.688 5.29
      vertex 183.55 261.622 5.29
    endloop
  endfacet
  facet normal 0.472818 -0.88116 0
    outer loop
      vertex 183.673 261.688 5.29
      vertex 183.55 261.622 1.99
      vertex 183.673 261.688 1.99
    endloop
  endfacet
  facet normal 0.643695 -0.765282 0
    outer loop
      vertex 183.212 261.376 1.99
      vertex 183.319 261.466 5.29
      vertex 183.212 261.376 5.29
    endloop
  endfacet
  facet normal 0.643695 -0.765282 0
    outer loop
      vertex 183.319 261.466 5.29
      vertex 183.212 261.376 1.99
      vertex 183.319 261.466 1.99
    endloop
  endfacet
  facet normal 0.69268 -0.721245 0
    outer loop
      vertex 183.111 261.279 1.99
      vertex 183.212 261.376 5.29
      vertex 183.111 261.279 5.29
    endloop
  endfacet
  facet normal 0.69268 -0.721245 0
    outer loop
      vertex 183.212 261.376 5.29
      vertex 183.111 261.279 1.99
      vertex 183.212 261.376 1.99
    endloop
  endfacet
  facet normal -0.136394 -0.990655 0
    outer loop
      vertex 194.559 261.879 1.99
      vertex 194.697 261.86 5.29
      vertex 194.559 261.879 5.29
    endloop
  endfacet
  facet normal -0.136394 -0.990655 -0
    outer loop
      vertex 194.697 261.86 5.29
      vertex 194.559 261.879 1.99
      vertex 194.697 261.86 1.99
    endloop
  endfacet
  facet normal 0.829843 -0.557998 0
    outer loop
      vertex 182.854 260.95 5.29
      vertex 182.932 261.066 1.99
      vertex 182.932 261.066 5.29
    endloop
  endfacet
  facet normal 0.829843 -0.557998 0
    outer loop
      vertex 182.932 261.066 1.99
      vertex 182.854 260.95 5.29
      vertex 182.854 260.95 1.99
    endloop
  endfacet
  facet normal -0.900069 -0.435748 0
    outer loop
      vertex 196.177 260.703 1.99
      vertex 196.116 260.829 5.29
      vertex 196.116 260.829 1.99
    endloop
  endfacet
  facet normal -0.900069 -0.435748 0
    outer loop
      vertex 196.116 260.829 5.29
      vertex 196.177 260.703 1.99
      vertex 196.177 260.703 5.29
    endloop
  endfacet
  facet normal 0.136394 -0.990655 0
    outer loop
      vertex 184.203 261.86 1.99
      vertex 184.341 261.879 5.29
      vertex 184.203 261.86 5.29
    endloop
  endfacet
  facet normal 0.136394 -0.990655 0
    outer loop
      vertex 184.341 261.879 5.29
      vertex 184.203 261.86 1.99
      vertex 184.341 261.879 1.99
    endloop
  endfacet
  facet normal 0.971399 -0.237453 0
    outer loop
      vertex 182.594 260.306 5.29
      vertex 182.627 260.441 1.99
      vertex 182.627 260.441 5.29
    endloop
  endfacet
  facet normal 0.971399 -0.237453 0
    outer loop
      vertex 182.627 260.441 1.99
      vertex 182.594 260.306 5.29
      vertex 182.594 260.306 1.99
    endloop
  endfacet
  facet normal -0.27945 -0.96016 0
    outer loop
      vertex 194.834 261.831 1.99
      vertex 194.968 261.792 5.29
      vertex 194.834 261.831 5.29
    endloop
  endfacet
  facet normal -0.27945 -0.96016 -0
    outer loop
      vertex 194.968 261.792 5.29
      vertex 194.834 261.831 1.99
      vertex 194.968 261.792 1.99
    endloop
  endfacet
  facet normal 0 -1 0
    outer loop
      vertex 184.48 261.889 1.99
      vertex 194.42 261.889 5.29
      vertex 184.48 261.889 5.29
    endloop
  endfacet
  facet normal 0 -1 -0
    outer loop
      vertex 194.42 261.889 5.29
      vertex 184.48 261.889 1.99
      vertex 194.42 261.889 1.99
    endloop
  endfacet
  facet normal -0.531289 -0.847191 0
    outer loop
      vertex 195.35 261.622 1.99
      vertex 195.468 261.548 5.29
      vertex 195.35 261.622 5.29
    endloop
  endfacet
  facet normal -0.531289 -0.847191 -0
    outer loop
      vertex 195.468 261.548 5.29
      vertex 195.35 261.622 1.99
      vertex 195.468 261.548 1.99
    endloop
  endfacet
  facet normal -0.865589 -0.500754 0
    outer loop
      vertex 196.116 260.829 1.99
      vertex 196.046 260.95 5.29
      vertex 196.046 260.95 1.99
    endloop
  endfacet
  facet normal -0.865589 -0.500754 0
    outer loop
      vertex 196.046 260.95 5.29
      vertex 196.116 260.829 1.99
      vertex 196.116 260.829 5.29
    endloop
  endfacet
  facet normal 0.999363 -0.0356915 0
    outer loop
      vertex 182.55 259.89 5.29
      vertex 182.555 260.03 1.99
      vertex 182.555 260.03 5.29
    endloop
  endfacet
  facet normal 0.999363 -0.0356915 0
    outer loop
      vertex 182.555 260.03 1.99
      vertex 182.55 259.89 5.29
      vertex 182.55 259.89 1.99
    endloop
  endfacet
  facet normal 0.27945 -0.96016 0
    outer loop
      vertex 183.932 261.792 1.99
      vertex 184.066 261.831 5.29
      vertex 183.932 261.792 5.29
    endloop
  endfacet
  facet normal 0.27945 -0.96016 0
    outer loop
      vertex 184.066 261.831 5.29
      vertex 183.932 261.792 1.99
      vertex 184.066 261.831 1.99
    endloop
  endfacet
  facet normal -0.949395 -0.314085 0
    outer loop
      vertex 196.273 260.441 1.99
      vertex 196.229 260.574 5.29
      vertex 196.229 260.574 1.99
    endloop
  endfacet
  facet normal -0.949395 -0.314085 0
    outer loop
      vertex 196.229 260.574 5.29
      vertex 196.273 260.441 1.99
      vertex 196.273 260.441 5.29
    endloop
  endfacet
  facet normal 0.787807 -0.615922 0
    outer loop
      vertex 182.932 261.066 5.29
      vertex 183.018 261.176 1.99
      vertex 183.018 261.176 5.29
    endloop
  endfacet
  facet normal 0.787807 -0.615922 0
    outer loop
      vertex 183.018 261.176 1.99
      vertex 182.932 261.066 5.29
      vertex 182.932 261.066 1.99
    endloop
  endfacet
  facet normal -0.58732 -0.809355 0
    outer loop
      vertex 195.468 261.548 1.99
      vertex 195.581 261.466 5.29
      vertex 195.468 261.548 5.29
    endloop
  endfacet
  facet normal -0.58732 -0.809355 -0
    outer loop
      vertex 195.581 261.466 5.29
      vertex 195.468 261.548 1.99
      vertex 195.581 261.466 1.99
    endloop
  endfacet
  facet normal -0.071757 -0.997422 0
    outer loop
      vertex 194.42 261.889 1.99
      vertex 194.559 261.879 5.29
      vertex 194.42 261.889 5.29
    endloop
  endfacet
  facet normal -0.071757 -0.997422 -0
    outer loop
      vertex 194.559 261.879 5.29
      vertex 194.42 261.889 1.99
      vertex 194.559 261.879 1.99
    endloop
  endfacet
  facet normal 0.994893 -0.100931 0
    outer loop
      vertex 182.555 260.03 5.29
      vertex 182.569 260.168 1.99
      vertex 182.569 260.168 5.29
    endloop
  endfacet
  facet normal 0.994893 -0.100931 0
    outer loop
      vertex 182.569 260.168 1.99
      vertex 182.555 260.03 5.29
      vertex 182.555 260.03 1.99
    endloop
  endfacet
  facet normal -0.994893 -0.100931 0
    outer loop
      vertex 196.345 260.03 1.99
      vertex 196.331 260.168 5.29
      vertex 196.331 260.168 1.99
    endloop
  endfacet
  facet normal -0.994893 -0.100931 0
    outer loop
      vertex 196.331 260.168 5.29
      vertex 196.345 260.03 1.99
      vertex 196.345 260.03 5.29
    endloop
  endfacet
  facet normal 0.20709 -0.978322 0
    outer loop
      vertex 184.066 261.831 1.99
      vertex 184.203 261.86 5.29
      vertex 184.066 261.831 5.29
    endloop
  endfacet
  facet normal 0.20709 -0.978322 0
    outer loop
      vertex 184.203 261.86 5.29
      vertex 184.066 261.831 1.99
      vertex 184.203 261.86 1.99
    endloop
  endfacet
  facet normal 0.400819 -0.916157 0
    outer loop
      vertex 183.673 261.688 1.99
      vertex 183.801 261.744 5.29
      vertex 183.673 261.688 5.29
    endloop
  endfacet
  facet normal 0.400819 -0.916157 0
    outer loop
      vertex 183.801 261.744 5.29
      vertex 183.673 261.688 1.99
      vertex 183.801 261.744 1.99
    endloop
  endfacet
  facet normal 0.865589 -0.500754 0
    outer loop
      vertex 182.784 260.829 5.29
      vertex 182.854 260.95 1.99
      vertex 182.854 260.95 5.29
    endloop
  endfacet
  facet normal 0.865589 -0.500754 0
    outer loop
      vertex 182.854 260.95 1.99
      vertex 182.784 260.829 5.29
      vertex 182.784 260.829 1.99
    endloop
  endfacet
  facet normal 0.531289 -0.847191 0
    outer loop
      vertex 183.432 261.548 1.99
      vertex 183.55 261.622 5.29
      vertex 183.432 261.548 5.29
    endloop
  endfacet
  facet normal 0.531289 -0.847191 0
    outer loop
      vertex 183.55 261.622 5.29
      vertex 183.432 261.548 1.99
      vertex 183.55 261.622 1.99
    endloop
  endfacet
  facet normal -0.643695 -0.765282 0
    outer loop
      vertex 195.581 261.466 1.99
      vertex 195.688 261.376 5.29
      vertex 195.581 261.466 5.29
    endloop
  endfacet
  facet normal -0.643695 -0.765282 -0
    outer loop
      vertex 195.688 261.376 5.29
      vertex 195.581 261.466 1.99
      vertex 195.688 261.376 1.99
    endloop
  endfacet
  facet normal -0.742218 -0.670158 0
    outer loop
      vertex 195.882 261.176 1.99
      vertex 195.789 261.279 5.29
      vertex 195.789 261.279 1.99
    endloop
  endfacet
  facet normal -0.742218 -0.670158 0
    outer loop
      vertex 195.789 261.279 5.29
      vertex 195.882 261.176 1.99
      vertex 195.882 261.176 5.29
    endloop
  endfacet
  facet normal -0.20709 -0.978322 0
    outer loop
      vertex 194.697 261.86 1.99
      vertex 194.834 261.831 5.29
      vertex 194.697 261.86 5.29
    endloop
  endfacet
  facet normal -0.20709 -0.978322 -0
    outer loop
      vertex 194.834 261.831 5.29
      vertex 194.697 261.86 1.99
      vertex 194.834 261.831 1.99
    endloop
  endfacet
  facet normal -0.472818 -0.88116 0
    outer loop
      vertex 195.227 261.688 1.99
      vertex 195.35 261.622 5.29
      vertex 195.227 261.688 5.29
    endloop
  endfacet
  facet normal -0.472818 -0.88116 -0
    outer loop
      vertex 195.35 261.622 5.29
      vertex 195.227 261.688 1.99
      vertex 195.35 261.622 1.99
    endloop
  endfacet
  facet normal -0.400819 -0.916157 0
    outer loop
      vertex 195.099 261.744 1.99
      vertex 195.227 261.688 5.29
      vertex 195.099 261.744 5.29
    endloop
  endfacet
  facet normal -0.400819 -0.916157 -0
    outer loop
      vertex 195.227 261.688 5.29
      vertex 195.099 261.744 1.99
      vertex 195.227 261.688 1.99
    endloop
  endfacet
  facet normal 0.983984 -0.178258 0
    outer loop
      vertex 182.569 260.168 5.29
      vertex 182.594 260.306 1.99
      vertex 182.594 260.306 5.29
    endloop
  endfacet
  facet normal 0.983984 -0.178258 0
    outer loop
      vertex 182.594 260.306 1.99
      vertex 182.569 260.168 5.29
      vertex 182.569 260.168 1.99
    endloop
  endfacet
  facet normal 0.58732 -0.809355 0
    outer loop
      vertex 183.319 261.466 1.99
      vertex 183.432 261.548 5.29
      vertex 183.319 261.466 5.29
    endloop
  endfacet
  facet normal 0.58732 -0.809355 0
    outer loop
      vertex 183.432 261.548 5.29
      vertex 183.319 261.466 1.99
      vertex 183.432 261.548 1.99
    endloop
  endfacet
  facet normal -0.69268 -0.721245 0
    outer loop
      vertex 195.688 261.376 1.99
      vertex 195.789 261.279 5.29
      vertex 195.688 261.376 5.29
    endloop
  endfacet
  facet normal -0.69268 -0.721245 -0
    outer loop
      vertex 195.789 261.279 5.29
      vertex 195.688 261.376 1.99
      vertex 195.789 261.279 1.99
    endloop
  endfacet
  facet normal -0.344044 -0.938954 0
    outer loop
      vertex 194.968 261.792 1.99
      vertex 195.099 261.744 5.29
      vertex 194.968 261.792 5.29
    endloop
  endfacet
  facet normal -0.344044 -0.938954 -0
    outer loop
      vertex 195.099 261.744 5.29
      vertex 194.968 261.792 1.99
      vertex 195.099 261.744 1.99
    endloop
  endfacet
  facet normal -0.999363 -0.0356915 0
    outer loop
      vertex 196.35 259.89 1.99
      vertex 196.345 260.03 5.29
      vertex 196.345 260.03 1.99
    endloop
  endfacet
  facet normal -0.999363 -0.0356915 0
    outer loop
      vertex 196.345 260.03 5.29
      vertex 196.35 259.89 1.99
      vertex 196.35 259.89 5.29
    endloop
  endfacet
  facet normal -0.927482 -0.373869 0
    outer loop
      vertex 196.229 260.574 1.99
      vertex 196.177 260.703 5.29
      vertex 196.177 260.703 1.99
    endloop
  endfacet
  facet normal -0.927482 -0.373869 0
    outer loop
      vertex 196.177 260.703 5.29
      vertex 196.229 260.574 1.99
      vertex 196.229 260.574 5.29
    endloop
  endfacet
  facet normal -0.787807 -0.615922 0
    outer loop
      vertex 195.968 261.066 1.99
      vertex 195.882 261.176 5.29
      vertex 195.882 261.176 1.99
    endloop
  endfacet
  facet normal -0.787807 -0.615922 0
    outer loop
      vertex 195.882 261.176 5.29
      vertex 195.968 261.066 1.99
      vertex 195.968 261.066 5.29
    endloop
  endfacet
  facet normal 0.927482 -0.373869 0
    outer loop
      vertex 182.671 260.574 5.29
      vertex 182.723 260.703 1.99
      vertex 182.723 260.703 5.29
    endloop
  endfacet
  facet normal 0.927482 -0.373869 0
    outer loop
      vertex 182.723 260.703 1.99
      vertex 182.671 260.574 5.29
      vertex 182.671 260.574 1.99
    endloop
  endfacet
  facet normal 0.900069 -0.435748 0
    outer loop
      vertex 182.723 260.703 5.29
      vertex 182.784 260.829 1.99
      vertex 182.784 260.829 5.29
    endloop
  endfacet
  facet normal 0.900069 -0.435748 0
    outer loop
      vertex 182.784 260.829 1.99
      vertex 182.723 260.703 5.29
      vertex 182.723 260.703 1.99
    endloop
  endfacet
  facet normal -0.829843 -0.557998 0
    outer loop
      vertex 196.046 260.95 1.99
      vertex 195.968 261.066 5.29
      vertex 195.968 261.066 1.99
    endloop
  endfacet
  facet normal -0.829843 -0.557998 0
    outer loop
      vertex 195.968 261.066 5.29
      vertex 196.046 260.95 1.99
      vertex 196.046 260.95 5.29
    endloop
  endfacet
  facet normal -1 0 0
    outer loop
      vertex 196.35 237.4 0
      vertex 196.35 229.4 0
      vertex 196.35 237.4 2.99
    endloop
  endfacet
  facet normal -1 0 0
    outer loop
      vertex 196.35 249.4 2.99
      vertex 196.35 257.4 0
      vertex 196.35 249.4 0
    endloop
  endfacet
  facet normal -1 0 0
    outer loop
      vertex 196.35 257.4 0
      vertex 196.35 249.4 2.99
      vertex 196.35 257.4 5.29
    endloop
  endfacet
  facet normal -1 0 0
    outer loop
      vertex 196.35 237.4 2.99
      vertex 196.35 257.4 5.29
      vertex 196.35 249.4 2.99
    endloop
  endfacet
  facet normal -1 0 0
    outer loop
      vertex 196.35 237.4 2.99
      vertex 196.35 229.4 5.29
      vertex 196.35 257.4 5.29
    endloop
  endfacet
  facet normal -1 0 0
    outer loop
      vertex 196.35 229.4 5.29
      vertex 196.35 237.4 2.99
      vertex 196.35 229.4 0
    endloop
  endfacet
  facet normal 0 -1 0
    outer loop
      vertex 182.55 257.4 1.99
      vertex 186.25 257.4 1.39
      vertex 196.35 257.4 1.99
    endloop
  endfacet
  facet normal 0 -1 0
    outer loop
      vertex 182.55 257.4 0
      vertex 186.25 257.4 1.39
      vertex 182.55 257.4 1.99
    endloop
  endfacet
  facet normal 0 -1 -0
    outer loop
      vertex 186.25 257.4 1.39
      vertex 182.55 257.4 0
      vertex 186.25 257.4 0
    endloop
  endfacet
  facet normal 0 -1 0
    outer loop
      vertex 192.65 257.4 1.39
      vertex 196.35 257.4 1.99
      vertex 186.25 257.4 1.39
    endloop
  endfacet
  facet normal 0 -1 0
    outer loop
      vertex 196.35 257.4 0
      vertex 192.65 257.4 1.39
      vertex 192.65 257.4 0
    endloop
  endfacet
  facet normal 0 -1 0
    outer loop
      vertex 192.65 257.4 1.39
      vertex 196.35 257.4 0
      vertex 196.35 257.4 1.99
    endloop
  endfacet
  facet normal -0 0 0
    outer loop
      vertex 182.55 257.4 1.99
      vertex 182.55 257.4 5.29
      vertex 182.55 257.4 0
    endloop
  endfacet
  facet normal 0 0 0
    outer loop
      vertex 196.35 257.4 0
      vertex 196.35 257.4 5.29
      vertex 196.35 257.4 1.99
    endloop
  endfacet
  facet normal 0 1 -0
    outer loop
      vertex 196.35 229.4 0
      vertex 182.55 229.4 5.29
      vertex 196.35 229.4 5.29
    endloop
  endfacet
  facet normal 0 1 0
    outer loop
      vertex 182.55 229.4 5.29
      vertex 196.35 229.4 0
      vertex 182.55 229.4 0
    endloop
  endfacet
  facet normal 1 0 0
    outer loop
      vertex 182.55 257.4 5.29
      vertex 182.55 249.4 2.99
      vertex 182.55 257.4 0
    endloop
  endfacet
  facet normal 1 0 0
    outer loop
      vertex 182.55 257.4 5.29
      vertex 182.55 237.4 2.99
      vertex 182.55 249.4 2.99
    endloop
  endfacet
  facet normal 1 -0 0
    outer loop
      vertex 182.55 229.4 5.29
      vertex 182.55 237.4 2.99
      vertex 182.55 257.4 5.29
    endloop
  endfacet
  facet normal 1 0 0
    outer loop
      vertex 182.55 229.4 0
      vertex 182.55 237.4 2.99
      vertex 182.55 229.4 5.29
    endloop
  endfacet
  facet normal 1 0 0
    outer loop
      vertex 182.55 237.4 2.99
      vertex 182.55 229.4 0
      vertex 182.55 237.4 0
    endloop
  endfacet
  facet normal 1 0 0
    outer loop
      vertex 182.55 257.4 0
      vertex 182.55 249.4 2.99
      vertex 182.55 249.4 0
    endloop
  endfacet
  facet normal -1 0 0
    outer loop
      vertex 197.85 237.4 0
      vertex 197.85 249.4 2.99
      vertex 197.85 249.4 0
    endloop
  endfacet
  facet normal -1 -0 0
    outer loop
      vertex 197.85 249.4 2.99
      vertex 197.85 237.4 0
      vertex 197.85 237.4 2.99
    endloop
  endfacet
  facet normal 0 -1 0
    outer loop
      vertex 181.05 249.4 0
      vertex 182.55 249.4 2.99
      vertex 181.05 249.4 2.99
    endloop
  endfacet
  facet normal 0 -1 -0
    outer loop
      vertex 182.55 249.4 2.99
      vertex 181.05 249.4 0
      vertex 182.55 249.4 0
    endloop
  endfacet
  facet normal 0 -1 0
    outer loop
      vertex 196.35 249.4 0
      vertex 197.85 249.4 2.99
      vertex 196.35 249.4 2.99
    endloop
  endfacet
  facet normal 0 -1 -0
    outer loop
      vertex 197.85 249.4 2.99
      vertex 196.35 249.4 0
      vertex 197.85 249.4 0
    endloop
  endfacet
  facet normal 0 1 -0
    outer loop
      vertex 197.85 237.4 0
      vertex 196.35 237.4 2.99
      vertex 197.85 237.4 2.99
    endloop
  endfacet
  facet normal 0 1 0
    outer loop
      vertex 196.35 237.4 2.99
      vertex 197.85 237.4 0
      vertex 196.35 237.4 0
    endloop
  endfacet
  facet normal 0 1 -0
    outer loop
      vertex 182.55 237.4 0
      vertex 181.05 237.4 2.99
      vertex 182.55 237.4 2.99
    endloop
  endfacet
  facet normal 0 1 0
    outer loop
      vertex 181.05 237.4 2.99
      vertex 182.55 237.4 0
      vertex 181.05 237.4 0
    endloop
  endfacet
  facet normal 1 -0 0
    outer loop
      vertex 181.05 237.4 2.99
      vertex 181.05 249.4 0
      vertex 181.05 249.4 2.99
    endloop
  endfacet
  facet normal 1 0 0
    outer loop
      vertex 181.05 249.4 0
      vertex 181.05 237.4 2.99
      vertex 181.05 237.4 0
    endloop
  endfacet
  facet normal 0 0 -1
    outer loop
      vertex 181.05 237.4 2.99
      vertex 182.55 249.4 2.99
      vertex 182.55 237.4 2.99
    endloop
  endfacet
  facet normal -0 0 -1
    outer loop
      vertex 182.55 249.4 2.99
      vertex 181.05 237.4 2.99
      vertex 181.05 249.4 2.99
    endloop
  endfacet
  facet normal 0 0 -1
    outer loop
      vertex 196.35 237.4 2.99
      vertex 197.85 249.4 2.99
      vertex 197.85 237.4 2.99
    endloop
  endfacet
  facet normal -0 0 -1
    outer loop
      vertex 197.85 249.4 2.99
      vertex 196.35 237.4 2.99
      vertex 196.35 249.4 2.99
    endloop
  endfacet
  facet normal -1 0 0
    outer loop
      vertex 192.65 257.4 0
      vertex 192.65 288.4 1.39
      vertex 192.65 288.4 0
    endloop
  endfacet
  facet normal -1 -0 0
    outer loop
      vertex 192.65 288.4 1.39
      vertex 192.65 257.4 0
      vertex 192.65 257.4 1.39
    endloop
  endfacet
  facet normal 0 -1 0
    outer loop
      vertex 186.25 288.4 0
      vertex 192.65 288.4 1.39
      vertex 186.25 288.4 1.39
    endloop
  endfacet
  facet normal 0 -1 -0
    outer loop
      vertex 192.65 288.4 1.39
      vertex 186.25 288.4 0
      vertex 192.65 288.4 0
    endloop
  endfacet
  facet normal 1 -0 0
    outer loop
      vertex 186.25 257.4 1.39
      vertex 186.25 288.4 0
      vertex 186.25 288.4 1.39
    endloop
  endfacet
  facet normal 1 0 0
    outer loop
      vertex 186.25 288.4 0
      vertex 186.25 257.4 1.39
      vertex 186.25 257.4 0
    endloop
  endfacet
  facet normal 0 0 -1
    outer loop
      vertex 186.25 257.4 1.39
      vertex 192.65 288.4 1.39
      vertex 192.65 257.4 1.39
    endloop
  endfacet
  facet normal -0 0 -1
    outer loop
      vertex 192.65 288.4 1.39
      vertex 186.25 257.4 1.39
      vertex 186.25 288.4 1.39
    endloop
  endfacet
endsolid OpenSCAD_Model
